date,total_market_cap,btc_dominance
2020-12-05T00:00:00.000Z,552420643594.1,62.9614
2020-12-06T00:00:00.000Z,568375469439.93,62.5375
2020-12-07T00:00:00.000Z,573838755753.35,62.5654
2020-12-08T00:00:00.000Z,569021068193.99,62.6287
2020-12-09T00:00:00.000Z,540994202129.59,62.8883
2020-12-10T00:00:00.000Z,550913634569.53,62.5568
2020-12-11T00:00:00.000Z,540615658936.79,62.7518
2020-12-12T00:00:00.000Z,532039480570.26,63.0548
2020-12-13T00:00:00.000Z,550108027522.3,63.4622
2020-12-14T00:00:00.000Z,562303659635.7,63.2269
2020-12-15T00:00:00.000Z,563583183356.43,63.4374
2020-12-16T00:00:00.000Z,566555638559.17,63.6627
2020-12-17T00:00:00.000Z,617233878970.85,64.1733
2020-12-18T00:00:00.000Z,646662647680.5,65.5085
2020-12-19T00:00:00.000Z,656811291446.32,65.4007
2020-12-20T00:00:00.000Z,672830201076.79,65.8869
2020-12-21T00:00:00.000Z,662256546234.09,65.9392
2020-12-22T00:00:00.000Z,639482098768.53,66.3766
2020-12-23T00:00:00.000Z,659168264910.21,67.033
2020-12-24T00:00:00.000Z,624113054376.15,69.2394
2020-12-25T00:00:00.000Z,647402293656.33,68.1597
2020-12-26T00:00:00.000Z,667349490727.7,68.6839
2020-12-27T00:00:00.000Z,701188197535.36,70.0526
2020-12-28T00:00:00.000Z,704185686414.61,69.4167
2020-12-29T00:00:00.000Z,728179385072.71,69.1401
2020-12-30T00:00:00.000Z,732422027293.74,69.4398
2020-12-31T00:00:00.000Z,760731060139.62,70.425
2021-01-01T00:00:00.000Z,765312965839.57,70.4528
2021-01-02T00:00:00.000Z,772481366071.7,70.6696
2021-01-03T00:00:00.000Z,831050843622.62,71.798
2021-01-04T00:00:00.000Z,876589922892.12,69.5703
2021-01-05T00:00:00.000Z,869548486452.6,68.3439
2021-01-06T00:00:00.000Z,920624311572.56,68.7089
2021-01-07T00:00:00.000Z,1000232390769.68,68.5012
2021-01-08T00:00:00.000Z,1052206214274.87,69.6016
2021-01-09T00:00:00.000Z,1078151392864.04,70.3697
2021-01-10T00:00:00.000Z,1088240613852.74,68.8379
2021-01-11T00:00:00.000Z,1047705851913.44,68.1367
2021-01-12T00:00:00.000Z,957506510510.2,69.1322
2021-01-13T00:00:00.000Z,919926156837.37,68.5632
2021-01-14T00:00:00.000Z,1007426555868.52,68.905
2021-01-15T00:00:00.000Z,1059027014104.1,68.831
2021-01-16T00:00:00.000Z,1005282606669.72,68.0186
2021-01-17T00:00:00.000Z,1012362471103.07,66.53
2021-01-18T00:00:00.000Z,1007051878926.17,66.1606
2021-01-19T00:00:00.000Z,1030379574330.94,66.2562
2021-01-20T00:00:00.000Z,1032869171007.11,65.1071
2021-01-21T00:00:00.000Z,1025653410835.52,64.5811
2021-01-22T00:00:00.000Z,885703222647.15,64.8111
2021-01-23T00:00:00.000Z,949923044916.44,64.5717
2021-01-24T00:00:00.000Z,936376288463.76,63.706
2021-01-25T00:00:00.000Z,963889593144.28,62.3748
2021-01-26T00:00:00.000Z,952725120616.35,63.1847
2021-01-27T00:00:00.000Z,962965946229.64,62.9842
2021-01-28T00:00:00.000Z,899608105524.53,62.8927
2021-01-29T00:00:00.000Z,981399142368.02,63.3916
2021-01-30T00:00:00.000Z,1008115569246.02,63.2399
2021-01-31T00:00:00.000Z,1018463731294.19,62.6685
2021-02-01T00:00:00.000Z,990275887106.73,62.2892
2021-02-02T00:00:00.000Z,1006449250810.23,61.994
2021-02-03T00:00:00.000Z,1065615072249.44,62.045
2021-02-04T00:00:00.000Z,1132177735792.22,61.57
2021-02-05T00:00:00.000Z,1121071194215.43,61.3403
2021-02-06T00:00:00.000Z,1176650523167.46,60.2552
2021-02-07T00:00:00.000Z,1194592738676.8,61.1832
2021-02-08T00:00:00.000Z,1184569745811.79,61.1644
2021-02-09T00:00:00.000Z,1356473377047.12,63.3904
2021-02-10T00:00:00.000Z,1384154619947.43,62.5384
2021-02-11T00:00:00.000Z,1370856155170.38,61.0014
2021-02-12T00:00:00.000Z,1445387833199.8,61.6307
2021-02-13T00:00:00.000Z,1471565274739.58,60.1672
2021-02-14T00:00:00.000Z,1472225150017.07,59.5947
2021-02-15T00:00:00.000Z,1489533291681.0,60.9341
2021-02-16T00:00:00.000Z,1464258536313.8,61.0149
2021-02-17T00:00:00.000Z,1490946011412.48,61.5149
2021-02-18T00:00:00.000Z,1571730150472.86,61.8264
2021-02-19T00:00:00.000Z,1587960801799.29,60.654
2021-02-20T00:00:00.000Z,1706551988686.55,60.9757
2021-02-21T00:00:00.000Z,1699848120501.44,61.5163
2021-02-22T00:00:00.000Z,1744111720940.62,61.4551
2021-02-23T00:00:00.000Z,1647603133821.13,61.3438
2021-02-24T00:00:00.000Z,1467056625531.13,61.8556
2021-02-25T00:00:00.000Z,1510602884475.79,61.2704
2021-02-26T00:00:00.000Z,1430592091566.2,61.6063
2021-02-27T00:00:00.000Z,1408473597631.53,61.2638
2021-02-28T00:00:00.000Z,1421511102160.5,60.6459
2021-03-01T00:00:00.000Z,1380689031695.14,60.9004
2021-03-02T00:00:00.000Z,1515177964309.47,61.0605
2021-03-03T00:00:00.000Z,1479787789839.6,60.9434
2021-03-04T00:00:00.000Z,1543748682020.24,61.0884
2021-03-05T00:00:00.000Z,1492279202668.93,60.6724
2021-03-06T00:00:00.000Z,1502552865324.52,60.7347
2021-03-07T00:00:00.000Z,1518551847557.71,60.0835
2021-03-08T00:00:00.000Z,1585196572691.68,60.3591
2021-03-09T00:00:00.000Z,1623367549044.83,60.0369
2021-03-10T00:00:00.000Z,1704294520581.81,59.9459
2021-03-11T00:00:00.000Z,1708422615326.76,61.1765
2021-03-12T00:00:00.000Z,1751033647877.46,61.5417
2021-03-13T00:00:00.000Z,1728235544521.7,61.8837
2021-03-14T00:00:00.000Z,1841094129185.99,62.059
2021-03-15T00:00:00.000Z,1789792456499.14,61.9431
2021-03-16T00:00:00.000Z,1707276189268.97,61.0555
2021-03-17T00:00:00.000Z,1738831316438.59,60.7882
2021-03-18T00:00:00.000Z,1801671789498.99,60.9259
2021-03-19T00:00:00.000Z,1771215330271.86,60.9504
2021-03-20T00:00:00.000Z,1800100265836.79,60.4699
2021-03-21T00:00:00.000Z,1797970179884.56,60.5572
2021-03-22T00:00:00.000Z,1781647327529.74,60.2432
2021-03-23T00:00:00.000Z,1701640874999.6,59.8264
2021-03-24T00:00:00.000Z,1707727162944.86,59.8703
2021-03-25T00:00:00.000Z,1634570685516.3,60.274
2021-03-26T00:00:00.000Z,1623529674149.42,59.4432
2021-03-27T00:00:00.000Z,1734484004138.44,59.3271
2021-03-28T00:00:00.000Z,1755880628770.7,59.5427
2021-03-29T00:00:00.000Z,1758110718730.48,59.424
2021-03-30T00:00:00.000Z,1825801906631.66,59.0507
2021-03-31T00:00:00.000Z,1863981199793.12,59.0175
2021-04-01T00:00:00.000Z,1879792110128.97,58.5257
2021-04-02T00:00:00.000Z,1903824109713.87,57.9703
2021-04-03T00:00:00.000Z,1948275550271.01,56.9111
2021-04-04T00:00:00.000Z,1882423093695.86,57.159
2021-04-05T00:00:00.000Z,1949002578558.65,56.2923
2021-04-06T00:00:00.000Z,1976828143329.49,55.7368
2021-04-07T00:00:00.000Z,1984148829242.77,54.8009
2021-04-08T00:00:00.000Z,1881979289294.0,55.7265
2021-04-09T00:00:00.000Z,1977830891895.14,55.0741
2021-04-10T00:00:00.000Z,1980748568310.93,54.9262
2021-04-11T00:00:00.000Z,2045405684064.1,54.6103
2021-04-12T00:00:00.000Z,2072661874926.67,54.2631
2021-04-13T00:00:00.000Z,2080396210743.75,53.794
2021-04-14T00:00:00.000Z,2197811709903.58,54.0325
2021-04-15T00:00:00.000Z,2217887624034.03,53.0721
2021-04-16T00:00:00.000Z,2259233680547.6,52.3264
2021-04-17T00:00:00.000Z,2237628557667.6,51.451
2021-04-18T00:00:00.000Z,2198602921303.39,51.6228
2021-04-19T00:00:00.000Z,2049504342804.95,51.2376
2021-04-20T00:00:00.000Z,2013020032223.88,51.699
2021-04-21T00:00:00.000Z,2068523587315.62,50.9968
2021-04-22T00:00:00.000Z,1994278314257.17,50.4943
2021-04-23T00:00:00.000Z,1916829750697.46,50.4688
2021-04-24T00:00:00.000Z,1896561955270.02,50.3437
2021-04-25T00:00:00.000Z,1826281250070.77,51.2053
2021-04-26T00:00:00.000Z,1824757624647.65,50.2333
2021-04-27T00:00:00.000Z,2019390396279.5,50.0009
2021-04-28T00:00:00.000Z,2085563671994.19,49.2961
2021-04-29T00:00:00.000Z,2094349280175.74,48.9268
2021-04-30T00:00:00.000Z,2076747433317.0,48.2182
2021-05-01T00:00:00.000Z,2202189769327.3,49.0324
2021-05-02T00:00:00.000Z,2244084268334.95,48.1702
2021-05-03T00:00:00.000Z,2213766969074.5,47.8168
2021-05-04T00:00:00.000Z,2312368990373.25,46.258
2021-05-05T00:00:00.000Z,2177702251591.46,45.7342
2021-05-06T00:00:00.000Z,2386883839277.0,44.9585
2021-05-07T00:00:00.000Z,2371260683957.56,44.4769
2021-05-08T00:00:00.000Z,2379475419702.69,45.0737
2021-05-09T00:00:00.000Z,2463506402007.01,44.6338
2021-05-10T00:00:00.000Z,2456518166904.53,44.3289
2021-05-11T00:00:00.000Z,2354289970693.0,44.3493
2021-05-12T00:00:00.000Z,2502801521503.85,42.3958
2021-05-13T00:00:00.000Z,2210077001195.96,42.1965
2021-05-14T00:00:00.000Z,2237244955780.75,41.5677
2021-05-15T00:00:00.000Z,2335084960875.95,39.9721
2021-05-16T00:00:00.000Z,2177512723943.98,40.2005
2021-05-17T00:00:00.000Z,2169168079472.59,40.0596
2021-05-18T00:00:00.000Z,2021563048922.92,40.2289
2021-05-19T00:00:00.000Z,2047589623111.84,39.2584
2021-05-20T00:00:00.000Z,1586428418885.85,43.7153
2021-05-21T00:00:00.000Z,1787816617243.12,42.5661
2021-05-22T00:00:00.000Z,1597425646826.4,43.6864
2021-05-23T00:00:00.000Z,1552307006310.07,45.2667
2021-05-24T00:00:00.000Z,1418495270201.05,45.907
2021-05-25T00:00:00.000Z,1661357595908.09,43.5643
2021-05-26T00:00:00.000Z,1658843816739.54,43.2494
2021-05-27T00:00:00.000Z,1751087019178.69,42.0176
2021-05-28T00:00:00.000Z,1691490891974.8,42.561
2021-05-29T00:00:00.000Z,1550715146762.87,43.0715
2021-05-30T00:00:00.000Z,1484497152534.16,43.6175
2021-05-31T00:00:00.000Z,1543725890384.16,43.2404
2021-06-01T00:00:00.000Z,1659100453454.15,42.1135
2021-06-02T00:00:00.000Z,1635922584515.64,41.9713
2021-06-03T00:00:00.000Z,1693469168939.95,41.5796
2021-06-04T00:00:00.000Z,1767339896058.76,41.5235
2021-06-05T00:00:00.000Z,1660961801310.91,41.6159
2021-06-06T00:00:00.000Z,1612808480193.27,41.2765
2021-06-07T00:00:00.000Z,1636932562394.85,41.0008
2021-06-08T00:00:00.000Z,1533003950260.85,41.0136
2021-06-09T00:00:00.000Z,1522153846982.68,41.1667
2021-06-10T00:00:00.000Z,1630806890792.87,42.8766
2021-06-11T00:00:00.000Z,1578378270924.34,43.5877
2021-06-12T00:00:00.000Z,1551277554865.42,45.0222
2021-06-13T00:00:00.000Z,1517151283644.55,43.8802
2021-06-14T00:00:00.000Z,1629650696539.94,44.9064
2021-06-15T00:00:00.000Z,1671750632515.21,45.216
2021-06-16T00:00:00.000Z,1651468714192.19,45.5713
2021-06-17T00:00:00.000Z,1586167060397.71,45.2909
2021-06-18T00:00:00.000Z,1585439969106.78,45.0277
2021-06-19T00:00:00.000Z,1499518129332.01,44.8044
2021-06-20T00:00:00.000Z,1477596721768.39,45.1011
2021-06-21T00:00:00.000Z,1492167308397.19,44.7603
2021-06-22T00:00:00.000Z,1276173404169.88,46.4365
2021-06-23T00:00:00.000Z,1282593465902.12,47.5107
2021-06-24T00:00:00.000Z,1353218312400.25,46.649
2021-06-25T00:00:00.000Z,1394656334645.45,46.6353
2021-06-26T00:00:00.000Z,1278048997056.57,46.3339
2021-06-27T00:00:00.000Z,1295821836507.49,46.6459
2021-06-28T00:00:00.000Z,1381613853117.83,47.0475
2021-06-29T00:00:00.000Z,1395514135235.1,46.2802
2021-06-30T00:00:00.000Z,1453057024141.87,46.2959
2021-07-01T00:00:00.000Z,1443740569103.02,45.4903
2021-07-02T00:00:00.000Z,1383828223983.63,45.4476
2021-07-03T00:00:00.000Z,1399096678469.44,45.3615
2021-07-04T00:00:00.000Z,1433810438951.76,45.3256
2021-07-05T00:00:00.000Z,1466939884287.63,45.0946
2021-07-06T00:00:00.000Z,1408670057645.14,44.8845
2021-07-07T00:00:00.000Z,1447160819009.8,44.3434
2021-07-08T00:00:00.000Z,1441909752646.65,44.0697
2021-07-09T00:00:00.000Z,1373437544731.84,44.8654
2021-07-10T00:00:00.000Z,1405548705051.49,45.1092
2021-07-11T00:00:00.000Z,1389401173477.36,45.2282
2021-07-12T00:00:00.000Z,1413837577847.68,45.4364
2021-07-13T00:00:00.000Z,1368394038633.56,45.4005
2021-07-14T00:00:00.000Z,1337726918122.82,45.8803
2021-07-15T00:00:00.000Z,1345660454551.38,45.7574
2021-07-16T00:00:00.000Z,1305800227300.81,45.7394
2021-07-17T00:00:00.000Z,1276125597537.53,46.1523
2021-07-18T00:00:00.000Z,1259003870112.32,46.9857
2021-07-19T00:00:00.000Z,1294032244032.82,46.1019
2021-07-20T00:00:00.000Z,1245202814756.7,46.4633
2021-07-21T00:00:00.000Z,1204677240889.18,46.4055
2021-07-22T00:00:00.000Z,1307987250061.45,46.1027
2021-07-23T00:00:00.000Z,1324921902082.75,45.7523
2021-07-24T00:00:00.000Z,1372969711997.31,45.9133
2021-07-25T00:00:00.000Z,1402256802749.15,45.8902
2021-07-26T00:00:00.000Z,1426244767009.43,46.5584
2021-07-27T00:00:00.000Z,1472981630084.41,47.4942
2021-07-28T00:00:00.000Z,1537614832648.81,48.2187
2021-07-29T00:00:00.000Z,1552331698844.43,48.3594
2021-07-30T00:00:00.000Z,1570822811697.76,47.8309
2021-07-31T00:00:00.000Z,1634296830979.41,48.4894
2021-08-01T00:00:00.000Z,1635499465717.85,47.5896
2021-08-02T00:00:00.000Z,1605291730562.67,46.7104
2021-08-03T00:00:00.000Z,1599832267571.21,45.9907
2021-08-04T00:00:00.000Z,1562901785892.3,45.8815
2021-08-05T00:00:00.000Z,1635780430423.28,45.6193
2021-08-06T00:00:00.000Z,1678061403940.65,45.7286
2021-08-07T00:00:00.000Z,1735655255290.46,46.3415
2021-08-08T00:00:00.000Z,1831731527441.35,45.6989
2021-08-09T00:00:00.000Z,1774501349978.63,46.347
2021-08-10T00:00:00.000Z,1864264417198.56,46.6252
2021-08-11T00:00:00.000Z,1869799155703.19,45.8055
2021-08-12T00:00:00.000Z,1901686429134.03,45.0171
2021-08-13T00:00:00.000Z,1858196176272.52,44.9232
2021-08-14T00:00:00.000Z,2005227678476.43,44.7894
2021-08-15T00:00:00.000Z,1998619494676.87,44.2688
2021-08-16T00:00:00.000Z,2018285326179.09,43.7686
2021-08-17T00:00:00.000Z,1966489225457.42,43.8888
2021-08-18T00:00:00.000Z,1898164006594.37,44.2341
2021-08-19T00:00:00.000Z,1915630974639.44,43.8868
2021-08-20T00:00:00.000Z,2015577125330.44,43.5597
2021-08-21T00:00:00.000Z,2105331098043.51,44.0293
2021-08-22T00:00:00.000Z,2080789866038.47,44.1375
2021-08-23T00:00:00.000Z,2103254071104.22,44.0459
2021-08-24T00:00:00.000Z,2147406305136.86,43.3802
2021-08-25T00:00:00.000Z,2046971679006.08,43.8161
2021-08-26T00:00:00.000Z,2096980430009.91,43.9075
2021-08-27T00:00:00.000Z,1997932828867.22,44.1451
2021-08-28T00:00:00.000Z,2115878389097.14,43.6152
2021-08-29T00:00:00.000Z,2104359656052.3,43.7106
2021-08-30T00:00:00.000Z,2098254859020.15,43.7601
2021-08-31T00:00:00.000Z,2046396184884.7,43.1792
2021-09-01T00:00:00.000Z,2090108123816.08,42.3663
2021-09-02T00:00:00.000Z,2210190743182.79,41.5744
2021-09-03T00:00:00.000Z,2223262376536.0,41.7002
2021-09-04T00:00:00.000Z,2269225310292.2,41.3877
2021-09-05T00:00:00.000Z,2270810366334.45,41.3648
2021-09-06T00:00:00.000Z,2343397052207.83,41.5298
2021-09-07T00:00:00.000Z,2367110899522.54,41.8268
2021-09-08T00:00:00.000Z,2084766535702.86,42.2686
2021-09-09T00:00:00.000Z,2093266027712.8,41.4216
2021-09-10T00:00:00.000Z,2116290061816.93,41.2805
2021-09-11T00:00:00.000Z,2038038722056.34,41.4509
2021-09-12T00:00:00.000Z,2066435429814.47,41.1558
2021-09-13T00:00:00.000Z,2121600275771.01,40.839
2021-09-14T00:00:00.000Z,2049083378297.22,41.2538
2021-09-15T00:00:00.000Z,2131773368969.14,41.6072
2021-09-16T00:00:00.000Z,2193850208470.17,41.3071
2021-09-17T00:00:00.000Z,2165882966767.53,41.4972
2021-09-18T00:00:00.000Z,2110336104813.56,42.1748
2021-09-19T00:00:00.000Z,2151845798097.24,42.208
2021-09-20T00:00:00.000Z,2102146817352.21,42.3241
2021-09-21T00:00:00.000Z,1888633277740.66,42.8362
2021-09-22T00:00:00.000Z,1789919374944.78,42.8497
2021-09-23T00:00:00.000Z,1959270141458.51,41.8424
2021-09-24T00:00:00.000Z,2013411569329.61,41.9757
2021-09-25T00:00:00.000Z,1911127480162.45,42.1967
2021-09-26T00:00:00.000Z,1898759245195.11,42.3521
2021-09-27T00:00:00.000Z,1917022703480.15,42.4036
2021-09-28T00:00:00.000Z,1867797174802.72,42.549
2021-09-29T00:00:00.000Z,1813411098326.22,42.6425
2021-09-30T00:00:00.000Z,1843843859701.15,42.43
2021-10-01T00:00:00.000Z,1930206546551.02,42.747
2021-10-02T00:00:00.000Z,2107108356132.57,43.0217
2021-10-03T00:00:00.000Z,2118041594222.74,42.3955
2021-10-04T00:00:00.000Z,2144334561753.68,42.3423
2021-10-05T00:00:00.000Z,2151193957976.05,43.0553
2021-10-06T00:00:00.000Z,2230198463918.98,43.4847
2021-10-07T00:00:00.000Z,2307759140110.85,45.1693
2021-10-08T00:00:00.000Z,2284858519632.81,44.3573
2021-10-09T00:00:00.000Z,2282617879057.19,44.508
2021-10-10T00:00:00.000Z,2320592869768.16,44.6122
2021-10-11T00:00:00.000Z,2263956492331.17,45.5488
2021-10-12T00:00:00.000Z,2337846752408.15,46.3619
2021-10-13T00:00:00.000Z,2301188084255.03,45.8838
2021-10-14T00:00:00.000Z,2362017168443.25,45.7693
2021-10-15T00:00:00.000Z,2389974462411.1,45.2147
2021-10-16T00:00:00.000Z,2489474164126.01,46.6372
2021-10-17T00:00:00.000Z,2472363690507.54,46.4117
2021-10-18T00:00:00.000Z,2482132715354.28,46.7335
2021-10-19T00:00:00.000Z,2476826071321.6,47.2121
2021-10-20T00:00:00.000Z,2539301745464.84,47.7166
2021-10-21T00:00:00.000Z,2645014414565.28,47.0358
2021-10-22T00:00:00.000Z,2543946325264.84,46.1176
2021-10-23T00:00:00.000Z,2429579196015.08,47.0936
2021-10-24T00:00:00.000Z,2558355886312.44,45.2218
2021-10-25T00:00:00.000Z,2518922930927.89,45.5769
2021-10-26T00:00:00.000Z,2620270321258.32,45.3557
2021-10-27T00:00:00.000Z,2562836163405.7,44.4022
2021-10-28T00:00:00.000Z,2453041063932.37,45.0048
2021-10-29T00:00:00.000Z,2585645667861.5,44.2193
2021-10-30T00:00:00.000Z,2660968465494.5,44.1327
2021-10-31T00:00:00.000Z,2635516181597.75,44.4419
2021-11-01T00:00:00.000Z,2623470715128.38,44.0615
2021-11-02T00:00:00.000Z,2639747768929.52,43.5669
2021-11-03T00:00:00.000Z,2744413323694.91,43.5434
2021-11-04T00:00:00.000Z,2756013114635.46,43.0763
2021-11-05T00:00:00.000Z,2708056483341.32,42.7861
2021-11-06T00:00:00.000Z,2701917317104.94,42.5846
2021-11-07T00:00:00.000Z,2730012879478.47,42.5245
2021-11-08T00:00:00.000Z,2798837945006.15,42.8079
2021-11-09T00:00:00.000Z,2919712061567.39,43.5675
2021-11-10T00:00:00.000Z,2904441786523.23,43.5851
2021-11-11T00:00:00.000Z,2795662464235.44,43.6364
2021-11-12T00:00:00.000Z,2839026028977.3,43.1067
2021-11-13T00:00:00.000Z,2816319098401.41,43.1118
2021-11-14T00:00:00.000Z,2828244768580.86,43.0427
2021-11-15T00:00:00.000Z,2856402443353.2,43.5049
2021-11-16T00:00:00.000Z,2770352701376.63,43.0779
2021-11-17T00:00:00.000Z,2610277667843.23,43.4186
2021-11-18T00:00:00.000Z,2632515813852.25,43.2047
2021-11-19T00:00:00.000Z,2479966732735.88,43.3808
2021-11-20T00:00:00.000Z,2601441808254.25,42.2236
2021-11-21T00:00:00.000Z,2661883324166.28,42.3182
2021-11-22T00:00:00.000Z,2621705856761.9,42.229
2021-11-23T00:00:00.000Z,2531838134679.18,41.9984
2021-11-24T00:00:00.000Z,2615121702569.8,41.6311
2021-11-25T00:00:00.000Z,2578175921072.41,42.0099
2021-11-26T00:00:00.000Z,2674346782847.32,41.6918
2021-11-27T00:00:00.000Z,2432377040254.63,41.7303
2021-11-28T00:00:00.000Z,2470050367465.36,41.7714
2021-11-29T00:00:00.000Z,2570958702692.84,42.1869
2021-11-30T00:00:00.000Z,2610403565918.97,41.7463
2021-12-01T00:00:00.000Z,2610697177790.38,41.0543
2021-12-02T00:00:00.000Z,2620337568877.35,41.1268
2021-12-03T00:00:00.000Z,2606278892433.23,40.9904
2021-12-04T00:00:00.000Z,2469728395954.19,41.0364
2021-12-05T00:00:00.000Z,2325276769609.98,40.1492
2021-12-06T00:00:00.000Z,2291059411505.28,40.672
2021-12-07T00:00:00.000Z,2365667098833.1,40.4173
2021-12-08T00:00:00.000Z,2353043988076.8,40.6219
2021-12-09T00:00:00.000Z,2398128952717.08,39.8482
2021-12-10T00:00:00.000Z,2246451014482.47,40.0664
2021-12-11T00:00:00.000Z,2186225143946.02,40.9057
2021-12-12T00:00:00.000Z,2276678136332.38,41.0081
2021-12-13T00:00:00.000Z,2307655957452.67,41.0782
2021-12-14T00:00:00.000Z,2120949294197.65,41.5126
2021-12-15T00:00:00.000Z,2194857907305.78,41.6117
2021-12-16T00:00:00.000Z,2254885775437.92,41.0045
2021-12-17T00:00:00.000Z,2204653085516.86,40.8143
2021-12-18T00:00:00.000Z,2160497217354.23,40.3564
2021-12-19T00:00:00.000Z,2206935070001.73,40.1496
2021-12-20T00:00:00.000Z,2185279151480.47,40.2981
2021-12-21T00:00:00.000Z,2197867669214.83,40.401
2021-12-22T00:00:00.000Z,2274542949222.24,40.7138
2021-12-23T00:00:00.000Z,2276758327799.92,40.4206
2021-12-24T00:00:00.000Z,2382714955203.91,40.3586
2021-12-25T00:00:00.000Z,2351520040972.63,40.8062
2021-12-26T00:00:00.000Z,2372345031391.49,40.2176
2021-12-27T00:00:00.000Z,2391312129050.74,40.1894
2021-12-28T00:00:00.000Z,2379601905151.61,40.2457
2021-12-29T00:00:00.000Z,2239793448093.28,40.1962
2021-12-30T00:00:00.000Z,2176300394043.55,40.3838
2021-12-31T00:00:00.000Z,2217587341587.41,40.2889
2022-01-01T00:00:00.000Z,2188927499015.76,40.0513
2022-01-02T00:00:00.000Z,2253025340162.08,40.0386
2022-01-03T00:00:00.000Z,2255963303858.94,39.6628
2022-01-04T00:00:00.000Z,2225213380991.03,39.5255
2022-01-05T00:00:00.000Z,2206005900549.9,39.3336
2022-01-06T00:00:00.000Z,2082775500630.5,39.4781
2022-01-07T00:00:00.000Z,2067677528682.61,39.4849
2022-01-08T00:00:00.000Z,1969496245696.54,40.0048
2022-01-09T00:00:00.000Z,1941933529129.49,40.616
2022-01-10T00:00:00.000Z,1969300758849.55,40.2969
2022-01-11T00:00:00.000Z,1935846004184.75,40.8623
2022-01-12T00:00:00.000Z,2010183566518.26,40.2759
2022-01-13T00:00:00.000Z,2087721022892.51,39.8542
2022-01-14T00:00:00.000Z,2019726952110.09,39.9045
2022-01-15T00:00:00.000Z,2060979891846.87,39.6271
2022-01-16T00:00:00.000Z,2067705583569.23,39.4873
2022-01-17T00:00:00.000Z,2078540080706.28,39.2906
2022-01-18T00:00:00.000Z,2018661958726.47,39.6399
2022-01-19T00:00:00.000Z,2003711640480.49,40.0397
2022-01-20T00:00:00.000Z,1963424131727.88,40.2492
2022-01-21T00:00:00.000Z,1905499311655.53,40.415
2022-01-22T00:00:00.000Z,1701513109218.73,40.7876
2022-01-23T00:00:00.000Z,1603209042332.5,41.394
2022-01-24T00:00:00.000Z,1672150757366.93,40.9939
2022-01-25T00:00:00.000Z,1648838906691.41,42.0438
2022-01-26T00:00:00.000Z,1680833241296.57,41.6385
2022-01-27T00:00:00.000Z,1677745802850.06,41.598
2022-01-28T00:00:00.000Z,1672297868711.29,42.0597
2022-01-29T00:00:00.000Z,1707020008438.95,41.9267
2022-01-30T00:00:00.000Z,1731076093854.02,41.7428
2022-01-31T00:00:00.000Z,1715526833234.09,41.8779
2022-02-01T00:00:00.000Z,1747697914960.14,41.6495
2022-02-02T00:00:00.000Z,1781167366800.51,41.223
2022-02-03T00:00:00.000Z,1706863307646.47,41.026
2022-02-04T00:00:00.000Z,1720302767061.88,41.0077
2022-02-05T00:00:00.000Z,1879304102089.98,41.812
2022-02-06T00:00:00.000Z,1895043129794.91,41.4431
2022-02-07T00:00:00.000Z,1934046813498.54,41.5127
2022-02-08T00:00:00.000Z,2010523948074.08,41.3888
2022-02-09T00:00:00.000Z,1999216084043.86,41.7715
2022-02-10T00:00:00.000Z,2031874561528.74,41.3526
2022-02-11T00:00:00.000Z,1968237227424.53,41.8997
2022-02-12T00:00:00.000Z,1893201871382.25,42.4322
2022-02-13T00:00:00.000Z,1891821619436.48,42.2879
2022-02-14T00:00:00.000Z,1878359557297.44,42.5012
2022-02-15T00:00:00.000Z,1899897565889.97,42.496
2022-02-16T00:00:00.000Z,2006110544466.53,42.0733
2022-02-17T00:00:00.000Z,1983350838637.84,42.0084
2022-02-18T00:00:00.000Z,1841059855052.45,41.721
2022-02-19T00:00:00.000Z,1813268592522.52,41.8544
2022-02-20T00:00:00.000Z,1815074513996.24,41.9095
2022-02-21T00:00:00.000Z,1735862785646.88,41.9233
2022-02-22T00:00:00.000Z,1674156716081.72,42.03
2022-02-23T00:00:00.000Z,1723289051013.58,42.096
2022-02-24T00:00:00.000Z,1689631859713.11,41.8424
2022-02-25T00:00:00.000Z,1710733287020.27,42.4983
2022-02-26T00:00:00.000Z,1776643564418.71,41.8718
2022-02-27T00:00:00.000Z,1779018648489.38,41.6992
2022-02-28T00:00:00.000Z,1709714818781.76,41.834
2022-03-01T00:00:00.000Z,1908897877352.67,42.9267
2022-03-02T00:00:00.000Z,1944935693858.79,43.2792
2022-03-03T00:00:00.000Z,1929361073402.29,43.1965
2022-03-04T00:00:00.000Z,1873577424734.18,42.9973
2022-03-05T00:00:00.000Z,1749503595810.7,42.4689
2022-03-06T00:00:00.000Z,1773221304629.7,42.1674
2022-03-07T00:00:00.000Z,1723621761763.7,42.3183
2022-03-08T00:00:00.000Z,1702978646889.8,42.3966
2022-03-09T00:00:00.000Z,1735324509581.52,42.3671
2022-03-10T00:00:00.000Z,1840926736254.95,43.2686
2022-03-11T00:00:00.000Z,1757146126223.41,42.5966
2022-03-12T00:00:00.000Z,1732014742949.07,42.5084
2022-03-13T00:00:00.000Z,1735530252915.07,42.5209
2022-03-14T00:00:00.000Z,1696301916874.15,42.3333
2022-03-15T00:00:00.000Z,1754651434997.2,42.9104
2022-03-16T00:00:00.000Z,1749724151838.29,42.6697
2022-03-17T00:00:00.000Z,1825738833245.35,42.7761
2022-03-18T00:00:00.000Z,1831023941249.34,42.4504
2022-03-19T00:00:00.000Z,1877294040726.05,42.2608
2022-03-20T00:00:00.000Z,1900933342870.07,42.146
2022-03-21T00:00:00.000Z,1858489052537.3,42.1553
2022-03-22T00:00:00.000Z,1869269060178.52,41.713
2022-03-23T00:00:00.000Z,1917114273924.95,41.9801
2022-03-24T00:00:00.000Z,1951616316096.99,41.7377
2022-03-25T00:00:00.000Z,1995485207938.21,41.8434
2022-03-26T00:00:00.000Z,1991293918291.93,42.3023
2022-03-27T00:00:00.000Z,2012084245260.48,42.0125
2022-03-28T00:00:00.000Z,2103474483298.77,42.2824
2022-03-29T00:00:00.000Z,2112204792356.44,42.3733
2022-03-30T00:00:00.000Z,2141883962333.05,42.0961
2022-03-31T00:00:00.000Z,2142202038307.02,41.738
2022-04-01T00:00:00.000Z,2082095621891.59,41.5615
2022-04-02T00:00:00.000Z,2139468598908.0,41.1035
2022-04-03T00:00:00.000Z,2129598041309.94,40.9215
2022-04-04T00:00:00.000Z,2166647653492.07,40.7369
2022-04-05T00:00:00.000Z,2160036369638.58,41.017
2022-04-06T00:00:00.000Z,2110999077617.25,41.0054
2022-04-07T00:00:00.000Z,1980493912054.59,41.4613
2022-04-08T00:00:00.000Z,2013774280303.93,41.0586
2022-04-09T00:00:00.000Z,1956014446768.46,41.0878
2022-04-10T00:00:00.000Z,1986574058614.36,40.9331
2022-04-11T00:00:00.000Z,1957656513477.26,40.9791
2022-04-12T00:00:00.000Z,1827232552985.02,41.1216
2022-04-13T00:00:00.000Z,1864839919149.3,40.9035
2022-04-14T00:00:00.000Z,1910202868623.24,40.9671
2022-04-15T00:00:00.000Z,1860534665195.87,40.8099
2022-04-16T00:00:00.000Z,1884081931511.96,40.923
2022-04-17T00:00:00.000Z,1885057863724.37,40.7707
2022-04-18T00:00:00.000Z,1846230971848.56,40.9073
2022-04-19T00:00:00.000Z,1892298042872.79,41.0268
2022-04-20T00:00:00.000Z,1925877976585.35,40.9796
2022-04-21T00:00:00.000Z,1914112895269.67,41.1053
2022-04-22T00:00:00.000Z,1869964856358.09,41.2172
2022-04-23T00:00:00.000Z,1851001110959.29,40.8326
2022-04-24T00:00:00.000Z,1836887852587.82,40.8825
2022-04-25T00:00:00.000Z,1828331719908.61,41.064
2022-04-26T00:00:00.000Z,1866741324696.47,41.2223
2022-04-27T00:00:00.000Z,1758264083993.15,41.2418
2022-04-28T00:00:00.000Z,1800422932555.41,41.4644
2022-04-29T00:00:00.000Z,1817880992312.91,41.6226
2022-04-30T00:00:00.000Z,1755332617995.95,41.8469
2022-05-01T00:00:00.000Z,1693345382417.17,42.3766
2022-05-02T00:00:00.000Z,1736689493706.14,42.1501
2022-05-03T00:00:00.000Z,1736808174629.35,42.213
2022-05-04T00:00:00.000Z,1707255031148.14,42.077
2022-05-05T00:00:00.000Z,1803486551946.1,41.8892
2022-05-06T00:00:00.000Z,1677074080534.15,41.505
2022-05-07T00:00:00.000Z,1655749859058.39,41.4295
2022-05-08T00:00:00.000Z,1620601533242.5,41.6968
2022-05-09T00:00:00.000Z,1565264594253.84,41.4185
2022-05-10T00:00:00.000Z,1380631810481.0,41.7559
2022-05-11T00:00:00.000Z,1415452718527.68,41.7182
2022-05-12T00:00:00.000Z,1259685975101.05,43.731
2022-05-14T00:00:00.000Z,1259895009983.04,44.2486
2022-05-15T00:00:00.000Z,1290062500750.44,44.4245
2022-05-16T00:00:00.000Z,1340727354741.77,44.4585
2022-05-17T00:00:00.000Z,1276945482042.39,44.5311
2022-05-18T00:00:00.000Z,1310623492596.71,44.2063
2022-05-19T00:00:00.000Z,1226040356031.56,44.6101
2022-05-20T00:00:00.000Z,1284446454170.97,44.9443
2022-05-21T00:00:00.000Z,1247747612485.61,44.5702
2022-05-22T00:00:00.000Z,1259469044786.43,44.5083
2022-05-23T00:00:00.000Z,1294498240079.56,44.6067
2022-05-24T00:00:00.000Z,1251603961234.32,44.2864
2022-05-25T00:00:00.000Z,1269044934413.2,44.5116
2022-05-26T00:00:00.000Z,1259528121492.91,44.7126
2022-05-27T00:00:00.000Z,1215915464317.68,45.8416
2022-05-28T00:00:00.000Z,1184959234425.29,46.0219
2022-05-29T00:00:00.000Z,1209009255029.13,45.7336
2022-05-30T00:00:00.000Z,1224305629472.27,45.8227
2022-05-31T00:00:00.000Z,1313815238862.78,46.0102
2022-06-01T00:00:00.000Z,1309096207704.8,46.2762
2022-06-02T00:00:00.000Z,1234102908925.65,46.0094
2022-06-03T00:00:00.000Z,1257315278519.81,46.1783
2022-06-04T00:00:00.000Z,1224144161697.26,46.2449
2022-06-05T00:00:00.000Z,1233065389887.51,46.1115
2022-06-06T00:00:00.000Z,1234089501735.15,46.1904
2022-06-07T00:00:00.000Z,1276723377196.49,46.8338
2022-06-08T00:00:00.000Z,1261682263786.71,47.0657
2022-06-09T00:00:00.000Z,1238829879210.49,46.4924
2022-06-10T00:00:00.000Z,1237318651528.38,46.3917
2022-06-11T00:00:00.000Z,1187216558811.33,46.7029
2022-06-12T00:00:00.000Z,1139214785477.76,47.473
2022-06-13T00:00:00.000Z,1081333363726.9,47.1652
2022-06-14T00:00:00.000Z,944917063345.24,45.376
2022-06-15T00:00:00.000Z,943479821065.54,44.8693
2022-06-16T00:00:00.000Z,968860131733.83,44.4301
2022-06-17T00:00:00.000Z,880972456707.04,44.1221
2022-06-18T00:00:00.000Z,891411077791.7,43.7969
2022-06-19T00:00:00.000Z,839650962999.44,43.1871
2022-06-20T00:00:00.000Z,901399351176.46,43.4868
2022-06-21T00:00:00.000Z,906369414385.51,43.3419
2022-06-22T00:00:00.000Z,913620025532.34,43.2466
2022-06-23T00:00:00.000Z,883095045011.47,43.1704
2022-06-24T00:00:00.000Z,929596227295.69,43.267
2022-06-25T00:00:00.000Z,955238172988.68,42.4017
2022-06-26T00:00:00.000Z,965084267347.38,42.4985
2022-06-27T00:00:00.000Z,941715698414.9,42.5996
2022-06-28T00:00:00.000Z,934175654099.83,42.3442
2022-06-29T00:00:00.000Z,908640044126.71,42.5861
2022-06-30T00:00:00.000Z,896757783095.82,42.7807
2022-07-01T00:00:00.000Z,884026054929.61,42.7439
2022-07-02T00:00:00.000Z,868145263703.86,42.3618
2022-07-03T00:00:00.000Z,870694559732.85,42.174
2022-07-04T00:00:00.000Z,873658987260.77,42.1532
2022-07-05T00:00:00.000Z,911335062932.44,42.3624
2022-07-06T00:00:00.000Z,905158500281.15,42.5774
2022-07-07T00:00:00.000Z,923318115009.18,42.4769
2022-07-08T00:00:00.000Z,958373466358.13,43.0949
2022-07-09T00:00:00.000Z,956068228844.79,43.3738
2022-07-10T00:00:00.000Z,956960576045.51,43.0712
2022-07-11T00:00:00.000Z,927919604901.18,42.913
2022-07-12T00:00:00.000Z,889072921269.98,42.8833
2022-07-13T00:00:00.000Z,863767929602.87,42.7148
2022-07-14T00:00:00.000Z,900717591718.62,42.8439
2022-07-15T00:00:00.000Z,924679773714.18,42.4781
2022-07-16T00:00:00.000Z,935912347104.07,42.5083
2022-07-17T00:00:00.000Z,966593664917.4,41.8671
2022-07-18T00:00:00.000Z,953526446987.57,41.6174
2022-07-19T00:00:00.000Z,1037991980400.82,41.3531
2022-07-20T00:00:00.000Z,1056348564754.33,42.2897
2022-07-21T00:00:00.000Z,1038728376196.05,42.7167
2022-07-22T00:00:00.000Z,1051291271400.53,42.0842
2022-07-23T00:00:00.000Z,1031757201913.72,42.0438
2022-07-24T00:00:00.000Z,1029480335962.46,41.6834
2022-07-25T00:00:00.000Z,1040257197191.05,41.5157
2022-07-26T00:00:00.000Z,978521062470.84,41.7031
2022-07-27T00:00:00.000Z,976010072010.68,41.5787
2022-07-28T00:00:00.000Z,1054678227732.53,41.5412
2022-07-29T00:00:00.000Z,1095068233082.87,41.6027
2022-07-30T00:00:00.000Z,1098632382007.06,41.3935
2022-07-31T00:00:00.000Z,1092674957538.31,41.3647
2022-08-01T00:00:00.000Z,1082465015425.74,41.1967
2022-08-02T00:00:00.000Z,1076452655518.82,41.3834
2022-08-03T00:00:00.000Z,1064857531037.37,41.2411
2022-08-04T00:00:00.000Z,1063605530517.46,41.0537
2022-08-05T00:00:00.000Z,1062431553531.93,40.7079
2022-08-06T00:00:00.000Z,1101827326982.49,40.4017
2022-08-07T00:00:00.000Z,1088158476453.97,40.3353
2022-08-08T00:00:00.000Z,1097375715084.31,40.3736
2022-08-09T00:00:00.000Z,1124714161841.73,40.4696
2022-08-10T00:00:00.000Z,1095020263036.44,40.4396
2022-08-11T00:00:00.000Z,1140268140392.0,40.152
2022-08-12T00:00:00.000Z,1142713417538.08,40.0835
2022-08-13T00:00:00.000Z,1167053952302.46,39.9787
2022-08-14T00:00:00.000Z,1171016455089.17,39.8846
2022-08-15T00:00:00.000Z,1162168587472.8,40.0127
2022-08-16T00:00:00.000Z,1149666537328.04,40.1383
2022-08-17T00:00:00.000Z,1141282193913.31,40.0174
2022-08-18T00:00:00.000Z,1114499232189.02,40.0477
2022-08-19T00:00:00.000Z,1104495345759.08,40.1951
2022-08-20T00:00:00.000Z,1006016564920.7,39.6876
2022-08-21T00:00:00.000Z,1007871584128.26,40.1632
2022-08-22T00:00:00.000Z,1028890777487.94,40.0316
2022-08-23T00:00:00.000Z,1024859097062.76,39.9431
2022-08-24T00:00:00.000Z,1035973082047.57,39.7518
2022-08-25T00:00:00.000Z,1030737972278.74,39.7106
2022-08-26T00:00:00.000Z,1043190518189.12,39.6113
2022-08-27T00:00:00.000Z,973690272798.25,39.8135
2022-08-28T00:00:00.000Z,967810386075.82,39.6226
2022-08-29T00:00:00.000Z,945298873089.24,39.7072
2022-08-30T00:00:00.000Z,986070848659.7,39.3915
2022-08-31T00:00:00.000Z,968007001645.5,39.1399
2022-09-01T00:00:00.000Z,977461199593.76,39.2565
2022-09-02T00:00:00.000Z,985802356570.52,39.0746
2022-09-03T00:00:00.000Z,980309974525.62,38.9889
2022-09-04T00:00:00.000Z,976231655346.37,38.8841
2022-09-05T00:00:00.000Z,985415723231.75,38.8259
2022-09-06T00:00:00.000Z,987113284853.46,38.4261
2022-09-07T00:00:00.000Z,946025849261.37,38.1191
2022-09-08T00:00:00.000Z,974419687085.15,37.8991
2022-09-09T00:00:00.000Z,982761823144.78,37.6546
2022-09-10T00:00:00.000Z,1046572404358.09,39.1108
2022-09-11T00:00:00.000Z,1062501927930.7,39.068
2022-09-12T00:00:00.000Z,1061255536784.28,39.2788
2022-09-13T00:00:00.000Z,1066761673362.16,40.1574
2022-09-14T00:00:00.000Z,987946352969.7,39.1245
2022-09-15T00:00:00.000Z,1000185081910.45,38.7572
2022-09-16T00:00:00.000Z,960062701109.57,39.3035
2022-09-17T00:00:00.000Z,959872374393.37,39.4569
2022-09-18T00:00:00.000Z,978457022868.12,39.3998
2022-09-19T00:00:00.000Z,929481300890.9,40.0182
2022-09-20T00:00:00.000Z,944174134646.38,39.6524
2022-09-21T00:00:00.000Z,921392471045.92,39.2755
2022-09-22T00:00:00.000Z,900280246375.15,39.4536
2022-09-23T00:00:00.000Z,943471693458.89,39.4196
2022-09-24T00:00:00.000Z,944429439095.91,39.1467
2022-09-25T00:00:00.000Z,932005271632.78,38.9289
2022-09-26T00:00:00.000Z,923565129007.53,39.0093
2022-09-27T00:00:00.000Z,938830688985.02,39.2326
2022-09-28T00:00:00.000Z,933295280804.14,39.2315
2022-09-29T00:00:00.000Z,941494448042.75,39.5424
2022-09-30T00:00:00.000Z,947311152505.71,39.5968
2022-10-01T00:00:00.000Z,941591522475.82,39.5509
2022-10-02T00:00:00.000Z,935479628742.66,39.5669
2022-10-03T00:00:00.000Z,921169893135.97,39.6262
2022-10-04T00:00:00.000Z,943902738005.02,39.8506
2022-10-05T00:00:00.000Z,969001925491.8,40.2305
2022-10-06T00:00:00.000Z,963595096609.65,40.1095
2022-10-07T00:00:00.000Z,956460304815.51,40.0011
2022-10-08T00:00:00.000Z,946602239863.89,39.5896
2022-10-09T00:00:00.000Z,939379283592.62,39.6318
2022-10-10T00:00:00.000Z,943771480926.06,39.5092
2022-10-11T00:00:00.000Z,924514904382.68,39.6992
2022-10-12T00:00:00.000Z,917597919457.94,39.8162
2022-10-13T00:00:00.000Z,921631155257.85,39.8627
2022-10-14T00:00:00.000Z,923223867894.39,40.2641
2022-10-15T00:00:00.000Z,919198303939.68,40.0311
2022-10-16T00:00:00.000Z,912085340842.26,39.9951
2022-10-17T00:00:00.000Z,926743260655.18,40.0769
2022-10-18T00:00:00.000Z,936323400389.87,40.0525
2022-10-19T00:00:00.000Z,930767744061.88,39.8486
2022-10-20T00:00:00.000Z,918204960913.66,39.9865
2022-10-21T00:00:00.000Z,913317057090.35,40.0231
2022-10-22T00:00:00.000Z,919961107374.68,39.9842
2022-10-23T00:00:00.000Z,923502090908.36,39.9065
2022-10-24T00:00:00.000Z,941978088189.21,39.8578
2022-10-25T00:00:00.000Z,931039149518.89,39.8701
2022-10-26T00:00:00.000Z,970409904052.8,39.7347
2022-10-27T00:00:00.000Z,1002977060493.01,39.7428
2022-10-28T00:00:00.000Z,983556747306.8,39.5836
2022-10-29T00:00:00.000Z,1002936573726.14,39.4107
2022-10-30T00:00:00.000Z,1024316330884.41,39.0078
2022-10-31T00:00:00.000Z,1015953394662.61,38.9838
2022-11-01T00:00:00.000Z,1016101923638.05,38.717
2022-11-02T00:00:00.000Z,1016153400661.43,38.6958
2022-11-03T00:00:00.000Z,994159124418.94,38.9298
2022-11-04T00:00:00.000Z,1001545778865.78,38.7373
2022-11-05T00:00:00.000Z,1055629736075.07,38.4576
2022-11-06T00:00:00.000Z,1057293384002.61,38.6493
2022-11-07T00:00:00.000Z,1029852768064.03,39.0128
2022-11-08T00:00:00.000Z,1024292503555.91,38.6194
2022-11-09T00:00:00.000Z,920048077204.3,38.6995
2022-11-10T00:00:00.000Z,794331764018.25,38.3947
2022-11-11T00:00:00.000Z,885027733402.98,38.1572
2022-11-12T00:00:00.000Z,863039068527.06,37.9084
2022-11-13T00:00:00.000Z,845298425854.95,38.1696
2022-11-14T00:00:00.000Z,824954511603.51,38.0725
2022-11-15T00:00:00.000Z,837175503257.68,38.1265
2022-11-16T00:00:00.000Z,846463366113.21,38.3151
2022-11-17T00:00:00.000Z,833492490363.59,38.4188
2022-11-18T00:00:00.000Z,830099250096.84,38.6188
2022-11-19T00:00:00.000Z,833897922942.26,38.4659
2022-11-20T00:00:00.000Z,835426245135.27,38.4325
2022-11-21T00:00:00.000Z,806933231060.66,38.7897
2022-11-22T00:00:00.000Z,788135744889.64,38.4812
2022-11-23T00:00:00.000Z,806539054321.71,38.5765
2022-11-24T00:00:00.000Z,832845172232.41,38.3252
2022-11-25T00:00:00.000Z,836021770978.78,38.1633
2022-11-26T00:00:00.000Z,833281598804.3,38.102
2022-11-27T00:00:00.000Z,835125705619.11,37.8866
2022-11-28T00:00:00.000Z,834144584739.19,37.8829
2022-11-29T00:00:00.000Z,820118905600.9,38.0054
2022-11-30T00:00:00.000Z,833582469673.54,37.9182
2022-12-01T00:00:00.000Z,865280321577.53,38.137
2022-12-02T00:00:00.000Z,853750513601.95,38.2028
2022-12-03T00:00:00.000Z,861937517393.97,38.1124
2022-12-04T00:00:00.000Z,847609512975.23,38.3474
2022-12-05T00:00:00.000Z,859993293104.71,38.292
2022-12-06T00:00:00.000Z,852725946536.27,38.2714
2022-12-07T00:00:00.000Z,857232871647.94,38.3287
2022-12-08T00:00:00.000Z,841172408010.25,38.5101
2022-12-09T00:00:00.000Z,859576210907.25,38.549
2022-12-10T00:00:00.000Z,853451483785.05,38.6043
2022-12-11T00:00:00.000Z,854202845056.21,38.5621
2022-12-12T00:00:00.000Z,850335384728.14,38.6809
2022-12-13T00:00:00.000Z,851490261907.57,38.863
2022-12-14T00:00:00.000Z,869455503217.59,39.3345
2022-12-15T00:00:00.000Z,866697919250.39,39.5347
2022-12-16T00:00:00.000Z,846593463891.11,39.4531
2022-12-17T00:00:00.000Z,800566129517.81,39.9993
2022-12-18T00:00:00.000Z,810569289635.72,39.8589
2022-12-19T00:00:00.000Z,810215735889.84,39.7907
2022-12-20T00:00:00.000Z,792401270999.2,39.9156
2022-12-21T00:00:00.000Z,814606870523.14,39.9268
2022-12-22T00:00:00.000Z,809581597303.54,39.9686
2022-12-23T00:00:00.000Z,811200671225.28,39.9192
2022-12-24T00:00:00.000Z,810659246046.12,39.8692
2022-12-25T00:00:00.000Z,811438681199.83,39.9522
2022-12-26T00:00:00.000Z,810083859115.48,40.0077
2022-12-27T00:00:00.000Z,814903547383.63,39.9556
2022-12-28T00:00:00.000Z,807372501990.81,39.8465
2022-12-29T00:00:00.000Z,795301489646.14,40.0558
2022-12-30T00:00:00.000Z,798316858352.07,40.1219
2022-12-31T00:00:00.000Z,796250986547.87,40.1343
2023-01-01T00:00:00.000Z,795532009425.33,40.0387
2023-01-02T00:00:00.000Z,798558682944.8,40.0759
2023-01-03T00:00:00.000Z,805985802601.42,39.86
2023-01-04T00:00:00.000Z,806055809207.06,39.8378
2023-01-06T00:00:00.000Z,817338901068.52,39.6606
2023-01-07T00:00:00.000Z,824876026116.15,39.5699
2023-01-08T00:00:00.000Z,824447232481.07,39.5986
2023-01-09T00:00:00.000Z,837399569381.43,39.3052
2023-01-10T00:00:00.000Z,848143875052.55,39.0412
2023-01-11T00:00:00.000Z,858138218471.18,39.1532
2023-01-12T00:00:00.000Z,880115750657.84,39.2424
2023-01-13T00:00:00.000Z,906463039393.48,40.0929
2023-01-14T00:00:00.000Z,939407328290.8,40.8228
2023-01-15T00:00:00.000Z,985176419016.13,41.0143
2023-01-16T00:00:00.000Z,982748084895.92,40.931
2023-01-17T00:00:00.000Z,990375757999.46,41.1842
2023-01-18T00:00:00.000Z,987748507121.63,41.2734
2023-01-19T00:00:00.000Z,961289904211.85,41.4624
2023-01-20T00:00:00.000Z,980831842034.48,41.4206
2023-01-21T00:00:00.000Z,1042190218741.52,41.9249
2023-01-22T00:00:00.000Z,1036917597874.56,42.3274
2023-01-23T00:00:00.000Z,1039953113862.48,42.1001
2023-01-24T00:00:00.000Z,1049043473416.26,42.1255
2023-01-25T00:00:00.000Z,1024052655950.07,42.6018
2023-01-26T00:00:00.000Z,1050702697969.12,42.3958
2023-01-27T00:00:00.000Z,1049463666822.53,42.2981
2023-01-28T00:00:00.000Z,1055230006832.02,42.156
2023-01-29T00:00:00.000Z,1048839400594.33,42.3268
2023-01-30T00:00:00.000Z,1081269921766.65,42.3846
2023-01-31T00:00:00.000Z,1038184168292.52,42.4111
2023-02-01T00:00:00.000Z,1052447330811.81,42.3839
2023-02-02T00:00:00.000Z,1079368080356.3,42.3712
2023-02-03T00:00:00.000Z,1074883020346.56,42.0986
2023-02-04T00:00:00.000Z,1085135800599.04,41.6621
2023-02-05T00:00:00.000Z,1083672907518.97,41.5142
2023-02-06T00:00:00.000Z,1065820780089.09,41.5292
2023-02-07T00:00:00.000Z,1055615189036.14,41.5745
2023-02-08T00:00:00.000Z,1087350031990.26,41.2588
2023-02-09T00:00:00.000Z,1072799678657.28,41.2435
2023-02-10T00:00:00.000Z,1015022886376.74,41.4578
2023-02-11T00:00:00.000Z,1008850447625.1,41.3931
2023-02-12T00:00:00.000Z,1021065764990.42,41.3144
2023-02-13T00:00:00.000Z,1013799601952.38,41.4542
2023-02-14T00:00:00.000Z,1006679733579.84,41.7827
2023-02-15T00:00:00.000Z,1030129662052.34,41.6122
2023-02-16T00:00:00.000Z,1103889918757.99,42.4809
2023-02-17T00:00:00.000Z,1073316020438.25,42.4618
2023-02-18T00:00:00.000Z,1114348219233.85,42.5333
2023-02-19T00:00:00.000Z,1117148887398.39,42.559
2023-02-20T00:00:00.000Z,1109583735636.79,42.3148
2023-02-21T00:00:00.000Z,1128772610999.91,42.4505
2023-02-22T00:00:00.000Z,1107713462647.65,42.5731
2023-02-23T00:00:00.000Z,1100428687615.49,42.4234
2023-02-24T00:00:00.000Z,1094247702767.35,42.2368
2023-02-25T00:00:00.000Z,1063198874005.93,42.115
2023-02-26T00:00:00.000Z,1058520984537.45,42.2582
2023-02-27T00:00:00.000Z,1078240731969.19,42.1796
2023-02-28T00:00:00.000Z,1073293611797.83,42.3058
2023-03-01T00:00:00.000Z,1056525760908.85,42.2972
2023-03-02T00:00:00.000Z,1081249585434.97,42.2208
2023-03-03T00:00:00.000Z,1070204199000.59,42.3506
2023-03-04T00:00:00.000Z,1028052926302.48,41.9986
2023-03-05T00:00:00.000Z,1022767784265.27,42.2007
2023-03-06T00:00:00.000Z,1024951173177.32,42.2682
2023-03-07T00:00:00.000Z,1024529362847.64,42.2739
2023-03-08T00:00:00.000Z,1017418783044.55,42.1713
2023-03-09T00:00:00.000Z,994277359445.18,42.1855
2023-03-10T00:00:00.000Z,944168313860.41,41.6565
2023-03-11T00:00:00.000Z,940408550880.81,41.4604
2023-03-12T00:00:00.000Z,951967403420.31,41.8573
2023-03-13T00:00:00.000Z,1013838148032.96,42.2199
2023-03-14T00:00:00.000Z,1074729507891.88,43.4954
2023-03-15T00:00:00.000Z,1093183678306.77,43.7508
2023-03-16T00:00:00.000Z,1064655214409.96,44.2288
2023-03-17T00:00:00.000Z,1088592130913.77,44.4637
2023-03-18T00:00:00.000Z,1166253531968.25,45.4509
2023-03-19T00:00:00.000Z,1145640894647.41,45.4814
2023-03-20T00:00:00.000Z,1175626910203.8,46.086
2023-03-21T00:00:00.000Z,1152833369209.93,46.5431
2023-03-22T00:00:00.000Z,1182800706981.5,46.0186
2023-03-23T00:00:00.000Z,1144997903838.9,46.0846
2023-03-24T00:00:00.000Z,1185764476460.89,46.1724
2023-03-25T00:00:00.000Z,1151301162287.42,46.149
2023-03-26T00:00:00.000Z,1147888688788.54,46.2965
2023-03-27T00:00:00.000Z,1166614358045.19,46.3824
2023-03-28T00:00:00.000Z,1133247655824.84,46.2872
2023-03-29T00:00:00.000Z,1149951260042.02,45.8374
2023-03-30T00:00:00.000Z,1181645138837.99,46.3796
2023-03-31T00:00:00.000Z,1172903467797.31,46.206
2023-04-01T00:00:00.000Z,1187304591349.8,46.3692
2023-04-02T00:00:00.000Z,1186182338347.54,46.394
2023-04-03T00:00:00.000Z,1173729564560.52,46.4408
2023-04-04T00:00:00.000Z,1168517121895.68,45.9907
2023-04-05T00:00:00.000Z,1187283888063.25,45.8786
2023-04-06T00:00:00.000Z,1194470635423.77,45.6171
2023-04-07T00:00:00.000Z,1183473039111.85,45.8227
2023-04-08T00:00:00.000Z,1178722452763.51,45.8153
2023-04-09T00:00:00.000Z,1175705519761.06,45.9793
2023-04-10T00:00:00.000Z,1186469173909.93,46.1912
2023-04-11T00:00:00.000Z,1224314269340.28,46.8487
2023-04-12T00:00:00.000Z,1234603276299.42,47.3691
2023-04-13T00:00:00.000Z,1228187207745.42,47.0829
2023-04-14T00:00:00.000Z,1257089294871.11,46.7895
2023-04-15T00:00:00.000Z,1275619778482.57,46.2391
2023-04-16T00:00:00.000Z,1272308854423.25,46.1019
2023-04-17T00:00:00.000Z,1281350156306.89,45.777
2023-04-18T00:00:00.000Z,1252121628040.14,45.5048
2023-04-19T00:00:00.000Z,1281436072304.01,45.8989
2023-04-20T00:00:00.000Z,1207742665879.22,46.1818
2023-04-21T00:00:00.000Z,1192679746259.05,45.8332
2023-04-22T00:00:00.000Z,1152874818412.54,45.7792
2023-04-23T00:00:00.000Z,1173885720427.83,45.8612
2023-04-24T00:00:00.000Z,1164226275750.82,45.8694
2023-04-25T00:00:00.000Z,1159583910036.04,45.9359
2023-04-26T00:00:00.000Z,1182825744182.45,46.3176
2023-04-27T00:00:00.000Z,1180847546468.08,46.5967
2023-04-28T00:00:00.000Z,1210771940661.43,47.1286
2023-04-29T00:00:00.000Z,1205188547671.96,47.126
2023-04-30T00:00:00.000Z,1206623693405.96,46.9253
2023-05-01T00:00:00.000Z,1201145917496.18,47.1431
2023-05-02T00:00:00.000Z,1165408544465.5,46.6667
2023-05-03T00:00:00.000Z,1182377779493.73,46.9668
2023-05-04T00:00:00.000Z,1195915355366.97,46.9852
2023-05-05T00:00:00.000Z,1185919033324.54,47.1072
2023-05-06T00:00:00.000Z,1219932160469.87,46.8861
2023-05-07T00:00:00.000Z,1187051646719.99,47.1537
2023-05-08T00:00:00.000Z,1172950585268.7,46.9789
2023-05-09T00:00:00.000Z,1142228138195.64,46.9594
2023-05-10T00:00:00.000Z,1141816056349.67,46.9142
2023-05-11T00:00:00.000Z,1142914575699.0,46.8119
2023-05-12T00:00:00.000Z,1117071625654.42,46.8095
2023-05-13T00:00:00.000Z,1123373193788.81,46.2251
2023-05-14T00:00:00.000Z,1120563284619.52,46.309
2023-05-15T00:00:00.000Z,1126129060708.0,46.3312
2023-05-16T00:00:00.000Z,1134524450202.64,46.4194
2023-05-17T00:00:00.000Z,1128065356726.9,46.4366
2023-05-18T00:00:00.000Z,1139537975900.49,46.5906
2023-05-19T00:00:00.000Z,1122684786946.14,46.3071
2023-05-20T00:00:00.000Z,1125750276154.75,46.2865
2023-05-21T00:00:00.000Z,1132119586673.94,46.4295
2023-05-22T00:00:00.000Z,1118255293392.19,46.3625
2023-05-23T00:00:00.000Z,1123799321986.28,46.3114
2023-05-24T00:00:00.000Z,1138323039474.38,46.3554
2023-05-25T00:00:00.000Z,1107058187851.86,46.1032
2023-05-26T00:00:00.000Z,1110074243461.14,46.23
2023-05-27T00:00:00.000Z,1120278246898.01,46.2343
2023-05-28T00:00:00.000Z,1126119219087.63,46.2549
2023-05-29T00:00:00.000Z,1165912227241.03,46.6919
2023-05-30T00:00:00.000Z,1155541150266.57,46.5511
2023-05-31T00:00:00.000Z,1157517351489.13,46.4001
2023-06-01T00:00:00.000Z,1141386025717.69,46.2386
2023-06-02T00:00:00.000Z,1130322801196.87,46.0125
2023-06-03T00:00:00.000Z,1150072084709.49,45.9476
2023-06-04T00:00:00.000Z,1143438619013.72,45.9179
2023-06-05T00:00:00.000Z,1145085643469.01,45.9319
2023-06-06T00:00:00.000Z,1089983827627.7,45.8095
2023-06-07T00:00:00.000Z,1134368224163.94,46.5688
2023-06-08T00:00:00.000Z,1097885285219.47,46.5452
2023-06-09T00:00:00.000Z,1103969173108.02,46.5727
2023-06-10T00:00:00.000Z,1099705595019.4,46.7098
2023-06-11T00:00:00.000Z,1053854087683.9,47.5877
2023-06-12T00:00:00.000Z,1055658271915.24,47.6645
2023-06-13T00:00:00.000Z,1053321471181.85,47.7089
2023-06-14T00:00:00.000Z,1055974909050.23,47.6222
2023-06-15T00:00:00.000Z,1025169913018.33,47.548
2023-06-16T00:00:00.000Z,1036376111963.25,47.8836
2023-06-17T00:00:00.000Z,1061030715762.65,48.1489
2023-06-18T00:00:00.000Z,1069223848966.28,48.1134
2023-06-19T00:00:00.000Z,1062998307234.91,48.0784
2023-06-20T00:00:00.000Z,1076488359786.43,48.3985
2023-06-21T00:00:00.000Z,1118136277429.04,49.1545
2023-06-22T00:00:00.000Z,1171484161022.83,49.7216
2023-06-23T00:00:00.000Z,1164511643979.7,49.8427
2023-06-24T00:00:00.000Z,1190408236019.41,50.0612
2023-06-25T00:00:00.000Z,1182714342718.72,50.1346
2023-06-26T00:00:00.000Z,1187181553019.6,49.8396
2023-06-27T00:00:00.000Z,1173770599195.32,50.0678
2023-06-28T00:00:00.000Z,1188437057477.2,50.1377
2023-06-29T00:00:00.000Z,1159129967797.16,50.3919
2023-06-30T00:00:00.000Z,1173857798372.55,50.3527
2023-07-01T00:00:00.000Z,1194104821380.71,49.5523
2023-07-02T00:00:00.000Z,1199536209909.9,49.5147
2023-07-03T00:00:00.000Z,1203000452278.47,49.4296
2023-07-04T00:00:00.000Z,1218521713154.76,49.6532
2023-07-05T00:00:00.000Z,1204716166099.71,49.6144
2023-07-06T00:00:00.000Z,1190972637821.09,49.7532
2023-07-07T00:00:00.000Z,1165097671211.44,49.8569
2023-07-08T00:00:00.000Z,1180115765334.86,49.9427
2023-07-09T00:00:00.000Z,1179320427088.28,49.8927
2023-07-10T00:00:00.000Z,1174873887113.13,49.8855
2023-07-11T00:00:00.000Z,1184948422383.82,49.8642
2023-07-12T00:00:00.000Z,1189774023800.27,49.9998
2023-07-13T00:00:00.000Z,1182243036977.16,49.9392
2023-07-14T00:00:00.000Z,1256989265356.72,48.6498
2023-07-15T00:00:00.000Z,1215343018636.36,48.4927
2023-07-16T00:00:00.000Z,1214770944438.23,48.4596
2023-07-17T00:00:00.000Z,1210039419682.48,48.5755
2023-07-18T00:00:00.000Z,1207175878074.08,48.5272
2023-07-19T00:00:00.000Z,1198817727279.92,48.4026
2023-07-20T00:00:00.000Z,1202050942289.6,48.3641
2023-07-21T00:00:00.000Z,1199821606876.71,48.2681
2023-07-22T00:00:00.000Z,1202430059408.43,48.3431
2023-07-23T00:00:00.000Z,1191643148427.29,48.5744
2023-07-24T00:00:00.000Z,1203080973493.21,48.6031
2023-07-25T00:00:00.000Z,1171685588054.51,48.4062
2023-07-26T00:00:00.000Z,1175578928225.96,48.3285
2023-07-27T00:00:00.000Z,1182701156936.86,48.2497
2023-07-28T00:00:00.000Z,1177880788379.4,48.2133
2023-07-29T00:00:00.000Z,1184378628058.55,48.1282
2023-07-30T00:00:00.000Z,1186925083706.07,48.0886
2023-07-31T00:00:00.000Z,1181621186644.45,48.175
2023-08-01T00:00:00.000Z,1176013336537.18,48.3305
2023-08-02T00:00:00.000Z,1189867379623.23,48.5207
2023-08-03T00:00:00.000Z,1169718673389.78,48.4727
2023-08-04T00:00:00.000Z,1164656172414.18,48.7186
2023-08-05T00:00:00.000Z,1160155487524.85,48.7389
2023-08-06T00:00:00.000Z,1161697134650.26,48.6233
2023-08-07T00:00:00.000Z,1160281982994.49,48.6806
2023-08-08T00:00:00.000Z,1162687277885.27,48.8165
2023-08-09T00:00:00.000Z,1182605780571.14,48.9599
2023-08-10T00:00:00.000Z,1178625089431.3,48.7921
2023-08-11T00:00:00.000Z,1174029082809.46,48.7606
2023-08-12T00:00:00.000Z,1172831964140.99,48.7655
2023-08-13T00:00:00.000Z,1174409648297.14,48.7316
2023-08-14T00:00:00.000Z,1169116064432.26,48.7327
2023-08-15T00:00:00.000Z,1173911487219.06,48.7437
2023-08-16T00:00:00.000Z,1158906738926.79,48.977
2023-08-17T00:00:00.000Z,1137568287868.92,49.0962
2023-08-18T00:00:00.000Z,1064404161356.54,48.7247
2023-08-19T00:00:00.000Z,1051146223087.08,48.2274
2023-08-20T00:00:00.000Z,1056354911960.4,48.0801
2023-08-21T00:00:00.000Z,1061887440957.66,48.0018
2023-08-22T00:00:00.000Z,1053745017025.04,48.2552
2023-08-23T00:00:00.000Z,1046007630054.52,48.4504
2023-08-24T00:00:00.000Z,1064882221991.8,48.317
2023-08-25T00:00:00.000Z,1054311694140.14,48.3078
2023-08-26T00:00:00.000Z,1050573300381.91,48.2675
2023-08-27T00:00:00.000Z,1048640170544.89,48.286
2023-08-28T00:00:00.000Z,1053098943196.97,48.2337
2023-08-29T00:00:00.000Z,1052892008490.65,48.2721
2023-08-30T00:00:00.000Z,1102884983370.28,48.9507
2023-08-31T00:00:00.000Z,1086855012886.33,48.9094
2023-09-01T00:00:00.000Z,1046144517702.37,48.2708
2023-09-02T00:00:00.000Z,1039655934927.76,48.3273
2023-09-03T00:00:00.000Z,1042569720049.44,48.3222
2023-09-04T00:00:00.000Z,1044553481554.5,48.4188
2023-09-05T00:00:00.000Z,1040971064456.37,48.2974
2023-09-06T00:00:00.000Z,1041166631106.19,48.231
2023-09-07T00:00:00.000Z,1040848209981.33,48.1895
2023-09-08T00:00:00.000Z,1053594075056.86,48.5181
2023-09-09T00:00:00.000Z,1044137912140.25,48.3306
2023-09-10T00:00:00.000Z,1043586526789.19,48.3396
2023-09-11T00:00:00.000Z,1035507857537.16,48.5997
2023-09-12T00:00:00.000Z,1007169395785.06,48.6729
2023-09-13T00:00:00.000Z,1029085048058.72,48.9142
2023-09-14T00:00:00.000Z,1041455228178.83,49.0705
2023-09-15T00:00:00.000Z,1052417682131.76,49.1329
2023-09-16T00:00:00.000Z,1059895167761.48,48.9193
2023-09-17T00:00:00.000Z,1059874488138.3,48.8503
2023-09-18T00:00:00.000Z,1054114116355.4,49.0559
2023-09-19T00:00:00.000Z,1063330646470.47,49.0436
2023-09-20T00:00:00.000Z,1077461946206.82,49.2221
2023-09-21T00:00:00.000Z,1072488425423.51,49.3078
2023-09-22T00:00:00.000Z,1052168523016.98,49.2154
2023-09-23T00:00:00.000Z,1054710914959.55,49.1232
2023-09-24T00:00:00.000Z,1054731717099.65,49.1253
2023-09-25T00:00:00.000Z,1043687188538.18,49.0422
2023-09-26T00:00:00.000Z,1047178228939.27,48.9578
2023-09-27T00:00:00.000Z,1045283965763.64,48.8935
2023-09-28T00:00:00.000Z,1048964411622.17,48.9863
2023-09-29T00:00:00.000Z,1073830375025.56,49.0688
2023-09-30T00:00:00.000Z,1074492624286.71,48.8385
2023-10-01T00:00:00.000Z,1076839086689.66,48.8356
2023-10-02T00:00:00.000Z,1110774639228.37,49.1235
2023-10-03T00:00:00.000Z,1087603651244.27,49.3464
2023-10-04T00:00:00.000Z,1085141311636.84,49.2992
2023-10-05T00:00:00.000Z,1090762128883.91,49.708
2023-10-06T00:00:00.000Z,1076484719293.35,49.6719
2023-10-07T00:00:00.000Z,1095067311152.66,49.7804
2023-10-08T00:00:00.000Z,1093098548403.85,49.9148
2023-10-09T00:00:00.000Z,1091179431499.26,49.9415
2023-10-10T00:00:00.000Z,1070423866234.62,50.2774
2023-10-11T00:00:00.000Z,1064750812935.9,50.191
2023-10-12T00:00:00.000Z,1052280272133.4,49.8275
2023-10-13T00:00:00.000Z,1044356785290.49,49.9867
2023-10-14T00:00:00.000Z,1050094148491.25,49.9193
2023-10-15T00:00:00.000Z,1051769112210.66,49.8339
2023-10-16T00:00:00.000Z,1059425864624.88,50.0314
2023-10-17T00:00:00.000Z,1095710203484.59,50.7984
2023-10-18T00:00:00.000Z,1086436130507.98,51.044
2023-10-19T00:00:00.000Z,1082263475877.94,51.0912
2023-10-20T00:00:00.000Z,1094005072553.77,51.2516
2023-10-21T00:00:00.000Z,1121831459276.21,51.6474
2023-10-22T00:00:00.000Z,1135772003962.88,51.4203
2023-10-23T00:00:00.000Z,1145025658169.76,51.143
2023-10-24T00:00:00.000Z,1229974525135.45,52.5076
2023-10-25T00:00:00.000Z,1248180982644.24,53.0373
2023-10-26T00:00:00.000Z,1263748056115.35,53.3053
2023-10-27T00:00:00.000Z,1259755328202.72,52.9391
2023-10-28T00:00:00.000Z,1249435415222.27,52.9916
2023-10-29T00:00:00.000Z,1255780027773.15,53.0076
2023-10-30T00:00:00.000Z,1271072550582.4,53.0568
2023-10-31T00:00:00.000Z,1277029061226.45,52.7601
2023-11-01T00:00:00.000Z,1281992776894.48,52.8041
2023-11-02T00:00:00.000Z,1308678434166.76,52.8894
2023-11-03T00:00:00.000Z,1291414042107.93,52.8441
2023-11-04T00:00:00.000Z,1293261871779.75,52.4597
2023-11-05T00:00:00.000Z,1309015796545.3,52.356
2023-11-06T00:00:00.000Z,1320182625569.52,51.8582
2023-11-07T00:00:00.000Z,1333308694649.49,51.3431
2023-11-08T00:00:00.000Z,1335127572367.48,51.8445
2023-11-09T00:00:00.000Z,1346084005957.99,51.7341
2023-11-10T00:00:00.000Z,1398383575385.91,51.2729
2023-11-11T00:00:00.000Z,1418844964727.99,51.382
2023-11-12T00:00:00.000Z,1414865971470.37,51.286
2023-11-13T00:00:00.000Z,1415333472844.52,51.1702
2023-11-14T00:00:00.000Z,1394265987209.0,51.153
2023-11-15T00:00:00.000Z,1364502154648.59,50.9045
2023-11-16T00:00:00.000Z,1440170833742.97,51.4041
2023-11-17T00:00:00.000Z,1381335242906.16,51.1618
2023-11-18T00:00:00.000Z,1392113702451.12,51.4016
2023-11-19T00:00:00.000Z,1390730073576.85,51.4196
2023-11-20T00:00:00.000Z,1420313224272.62,51.4451
2023-11-21T00:00:00.000Z,1417560728672.17,51.6755
2023-11-22T00:00:00.000Z,1351079062227.38,51.7786
2023-11-23T00:00:00.000Z,1418535373207.75,51.5806
2023-11-24T00:00:00.000Z,1416271368894.3,51.4812
2023-11-25T00:00:00.000Z,1431273819704.62,51.5287
2023-11-26T00:00:00.000Z,1439185469599.81,51.3514
2023-11-27T00:00:00.000Z,1426561110016.36,51.3557
2023-11-28T00:00:00.000Z,1410404031441.63,51.6473
2023-11-29T00:00:00.000Z,1423588669812.78,51.9648
2023-11-30T00:00:00.000Z,1421170963266.71,52.0983
2023-12-01T00:00:00.000Z,1422813233503.07,51.8418
2023-12-02T00:00:00.000Z,1451579404781.26,52.1291
2023-12-03T00:00:00.000Z,1485069548685.56,51.9898
2023-12-04T00:00:00.000Z,1498312891719.88,52.1913
2023-12-05T00:00:00.000Z,1550068073028.41,52.9809
2023-12-06T00:00:00.000Z,1601656435248.47,53.8383
2023-12-07T00:00:00.000Z,1587619574933.8,53.9191
2023-12-08T00:00:00.000Z,1602895300033.9,52.8398
2023-12-09T00:00:00.000Z,1640137689741.01,52.6925
2023-12-10T00:00:00.000Z,1628340641736.58,52.5407
2023-12-11T00:00:00.000Z,1639844113351.76,52.2445
2023-12-12T00:00:00.000Z,1555170606714.12,51.89
2023-12-13T00:00:00.000Z,1563228562115.44,51.8981
2023-12-14T00:00:00.000Z,1608677425918.02,52.1714
2023-12-15T00:00:00.000Z,1625208845100.88,51.8103
2023-12-16T00:00:00.000Z,1582494624018.18,51.8605
2023-12-17T00:00:00.000Z,1599685273364.12,51.6779
2023-12-18T00:00:00.000Z,1568028389888.06,51.6233
2023-12-19T00:00:00.000Z,1599568036103.31,52.1696
2023-12-20T00:00:00.000Z,1584407035121.43,52.2187
2023-12-21T00:00:00.000Z,1625478027741.18,52.5687
2023-12-22T00:00:00.000Z,1656956943109.25,51.831
2023-12-23T00:00:00.000Z,1676335969152.05,51.3933
2023-12-24T00:00:00.000Z,1676210411830.28,51.0832
2023-12-25T00:00:00.000Z,1656582894748.92,50.8396
2023-12-26T00:00:00.000Z,1686182449757.13,50.6382
2023-12-27T00:00:00.000Z,1654251277637.67,50.331
2023-12-28T00:00:00.000Z,1699092662960.57,50.0837
2023-12-29T00:00:00.000Z,1670123853309.12,49.9761
2023-12-30T00:00:00.000Z,1651319430957.1,49.9243
2023-12-31T00:00:00.000Z,1650457252142.8,50.0225
2024-01-01T00:00:00.000Z,1647895239480.1,50.2434
2024-01-02T00:00:00.000Z,1711920394246.82,50.5456
2024-01-03T00:00:00.000Z,1722002934615.59,51.142
2024-01-04T00:00:00.000Z,1637244188137.75,51.2703
2024-01-05T00:00:00.000Z,1683933362957.3,51.4041
2024-01-06T00:00:00.000Z,1670815972358.85,51.7916
2024-01-07T00:00:00.000Z,1651760668915.86,52.1815
2024-01-08T00:00:00.000Z,1635454867091.54,52.6463
2024-01-09T00:00:00.000Z,1729897502023.57,53.2095
2024-01-10T00:00:00.000Z,1705891985197.72,52.9863
2024-01-11T00:00:00.000Z,1769019931447.03,51.664
2024-01-12T00:00:00.000Z,1774422173721.75,51.2
2024-01-13T00:00:00.000Z,1674602580778.05,50.1176
2024-01-14T00:00:00.000Z,1689693799791.85,49.691
2024-01-15T00:00:00.000Z,1645890473684.53,49.7217
2024-01-16T00:00:00.000Z,1674078332753.98,49.7643
2024-01-17T00:00:00.000Z,1699949742503.76,49.7445
2024-01-18T00:00:00.000Z,1683643666920.57,49.7612
2024-01-19T00:00:00.000Z,1630908410094.85,49.603
2024-01-20T00:00:00.000Z,1639959782989.59,49.7512
2024-01-21T00:00:00.000Z,1642051980365.67,49.7462
2024-01-22T00:00:00.000Z,1634220237273.51,49.8443
2024-01-23T00:00:00.000Z,1556200458260.09,49.78
2024-01-24T00:00:00.000Z,1552061251441.3,50.3555
2024-01-25T00:00:00.000Z,1561892695798.95,50.3104
2024-01-26T00:00:00.000Z,1553151153442.3,50.4185
2024-01-27T00:00:00.000Z,1612314125133.8,50.8585
2024-01-28T00:00:00.000Z,1622950425700.9,50.8987
2024-01-29T00:00:00.000Z,1618249953970.65,50.9403
2024-01-30T00:00:00.000Z,1663411086072.74,51.0465
2024-01-31T00:00:00.000Z,1654099236635.1,50.9274
2024-02-01T00:00:00.000Z,1628623575395.08,51.2768
2024-02-02T00:00:00.000Z,1645573465455.66,51.3476
2024-02-03T00:00:00.000Z,1654644834611.77,51.198
2024-02-04T00:00:00.000Z,1647007757572.07,51.2095
2024-02-05T00:00:00.000Z,1632931794935.99,51.1573
2024-02-06T00:00:00.000Z,1636654079824.89,51.1363
2024-02-07T00:00:00.000Z,1655839211363.85,51.0551
2024-02-08T00:00:00.000Z,1696992917817.09,51.2508
2024-02-09T00:00:00.000Z,1721113607773.85,51.6457
2024-02-10T00:00:00.000Z,1778770039518.05,52.0161
2024-02-11T00:00:00.000Z,1795914117772.02,52.1993
2024-02-12T00:00:00.000Z,1806535731763.11,52.465
2024-02-13T00:00:00.000Z,1870791944289.62,52.4016
2024-02-14T00:00:00.000Z,1861545364916.97,52.4409
2024-02-15T00:00:00.000Z,1936566880630.91,52.5338
2024-02-16T00:00:00.000Z,1952129892510.32,52.2246
2024-02-17T00:00:00.000Z,1953276393460.69,52.42
2024-02-18T00:00:00.000Z,1939867589085.9,52.2804
2024-02-19T00:00:00.000Z,1969694654317.08,51.9554
2024-02-20T00:00:00.000Z,1978226747854.8,51.386
2024-02-21T00:00:00.000Z,1992573712300.35,51.5117
2024-02-22T00:00:00.000Z,1971740336161.7,51.6278
2024-02-23T00:00:00.000Z,1960266634598.79,51.3789
2024-02-24T00:00:00.000Z,1941517982381.92,51.3108
2024-02-25T00:00:00.000Z,1978931703345.18,51.1706
2024-02-26T00:00:00.000Z,2000679858530.21,50.7777
2024-02-27T00:00:00.000Z,2084913343439.5,51.3553
2024-02-28T00:00:00.000Z,2147905041854.19,52.1897
2024-02-29T00:00:00.000Z,2289759613158.26,53.6109
2024-03-01T00:00:00.000Z,2262267045079.07,53.1198
2024-03-02T00:00:00.000Z,2328429668644.46,52.6698
2024-03-03T00:00:00.000Z,2345448294605.43,51.9502
2024-03-04T00:00:00.000Z,2376725934234.39,52.1961
2024-03-05T00:00:00.000Z,2515541965737.49,53.3657
2024-03-06T00:00:00.000Z,2382473149905.46,52.6052
2024-03-07T00:00:00.000Z,2495816953042.41,52.0284
2024-03-08T00:00:00.000Z,2543584754426.72,51.7033
2024-03-09T00:00:00.000Z,2584406400510.68,51.9208
2024-03-10T00:00:00.000Z,2604521486537.47,51.6677
2024-03-11T00:00:00.000Z,2611405017260.58,51.9393
2024-03-12T00:00:00.000Z,2724366347156.13,52.0166
2024-03-13T00:00:00.000Z,2702455243821.11,51.9789
2024-03-14T00:00:00.000Z,2766421242865.48,51.9266
2024-03-15T00:00:00.000Z,2712374343100.34,51.7209
2024-03-16T00:00:00.000Z,2638800135784.86,51.7269
2024-03-17T00:00:00.000Z,2482336255824.97,51.6973
2024-03-18T00:00:00.000Z,2593967840121.63,51.8085
2024-03-19T00:00:00.000Z,2543180164476.73,52.2326
2024-03-20T00:00:00.000Z,2332165085284.75,52.2039
2024-03-21T00:00:00.000Z,2553534036855.56,52.2743
2024-03-22T00:00:00.000Z,2494253819480.45,51.6225
2024-03-23T00:00:00.000Z,2431168688325.8,51.6022
2024-03-24T00:00:00.000Z,2443224857298.82,51.5451
2024-03-25T00:00:00.000Z,2547654020781.56,51.8834
2024-03-26T00:00:00.000Z,2639960273520.6,52.0805
2024-03-27T00:00:00.000Z,2645174287243.57,52.0332
2024-03-28T00:00:00.000Z,2612964988643.82,52.2671
2024-03-29T00:00:00.000Z,2662192649637.29,52.2776
2024-03-30T00:00:00.000Z,2643541867940.1,51.9992
2024-03-31T00:00:00.000Z,2630605390148.13,52.0752
2024-04-01T00:00:00.000Z,2702110380158.71,51.9186
2024-04-02T00:00:00.000Z,2621751984020.23,52.2946
2024-04-03T00:00:00.000Z,2469110490474.71,52.1493
2024-04-04T00:00:00.000Z,2482939356244.87,52.2787
2024-04-05T00:00:00.000Z,2552830574787.12,52.8032
2024-04-06T00:00:00.000Z,2525250173369.25,52.8568
2024-04-07T00:00:00.000Z,2565997363251.02,52.8315
2024-04-08T00:00:00.000Z,2595923117967.1,52.574
2024-04-09T00:00:00.000Z,2690115456643.2,52.397
2024-04-10T00:00:00.000Z,2590332383182.75,52.5234
2024-04-11T00:00:00.000Z,2629244612586.56,52.8461
2024-04-12T00:00:00.000Z,2606519159137.88,52.8876
2024-04-13T00:00:00.000Z,2446022444649.57,54.0436
2024-04-14T00:00:00.000Z,2295029087077.94,54.8254
2024-04-15T00:00:00.000Z,2386104470436.41,54.2351
2024-04-16T00:00:00.000Z,2312536134625.53,53.9905
2024-04-17T00:00:00.000Z,2314115029263.64,54.2952
2024-04-18T00:00:00.000Z,2237583484356.61,53.911
2024-04-19T00:00:00.000Z,2312087835648.24,54.0763
2024-04-20T00:00:00.000Z,2321310734155.77,54.1493
2024-04-21T00:00:00.000Z,2391289833671.96,53.5058
2024-04-22T00:00:00.000Z,2383944533885.66,53.6288
2024-04-23T00:00:00.000Z,2448876315429.2,53.7411
2024-04-24T00:00:00.000Z,2444719597048.95,53.4884
2024-04-25T00:00:00.000Z,2371015986187.0,53.3767
2024-04-26T00:00:00.000Z,2377171562504.47,53.4126
2024-04-27T00:00:00.000Z,2346041034187.67,53.508
2024-04-28T00:00:00.000Z,2357067109046.17,52.9818
2024-04-29T00:00:00.000Z,2347932832710.39,52.9245
2024-04-30T00:00:00.000Z,2353093636672.24,53.424
2024-05-01T00:00:00.000Z,2234609305389.39,53.4133
2024-05-02T00:00:00.000Z,2188656460739.3,52.4211
2024-05-03T00:00:00.000Z,2210508623713.37,52.6565
2024-05-04T00:00:00.000Z,2325108015887.24,53.2774
2024-05-05T00:00:00.000Z,2351104742384.51,53.5227
2024-05-06T00:00:00.000Z,2361950003809.62,53.3944
2024-05-07T00:00:00.000Z,2331942992513.07,53.3457
2024-05-08T00:00:00.000Z,2295857550237.38,53.4683
2024-05-09T00:00:00.000Z,2262486691395.08,53.2602
2024-05-10T00:00:00.000Z,2327651559053.77,53.3589
2024-05-11T00:00:00.000Z,2250668759351.94,53.2022
2024-05-12T00:00:00.000Z,2250568869932.33,53.2143
2024-05-13T00:00:00.000Z,2263903579689.51,53.4662
2024-05-14T00:00:00.000Z,2296221656028.04,53.9647
2024-05-15T00:00:00.000Z,2243947967000.46,54.0329
2024-05-16T00:00:00.000Z,2391521965794.53,54.5738
2024-05-17T00:00:00.000Z,2355764734038.59,54.5516
2024-05-18T00:00:00.000Z,2427531663542.14,54.4198
2024-05-19T00:00:00.000Z,2429296554607.77,54.2811
2024-05-20T00:00:00.000Z,2395126595314.28,54.5158
2024-05-21T00:00:00.000Z,2615573718092.34,53.8069
2024-05-22T00:00:00.000Z,2604361294724.86,53.0587
2024-05-23T00:00:00.000Z,2570965883244.09,52.9744
2024-05-24T00:00:00.000Z,2541932883977.79,52.6568
2024-05-25T00:00:00.000Z,2547610708503.64,53.0021
2024-05-26T00:00:00.000Z,2573187323023.6,53.0431
2024-05-27T00:00:00.000Z,2557829022721.66,52.7643
2024-05-28T00:00:00.000Z,2597544972957.73,52.6364
2024-05-29T00:00:00.000Z,2565726025170.29,52.4616
2024-05-30T00:00:00.000Z,2527402129678.35,52.684
2024-05-31T00:00:00.000Z,2537683768904.6,53.0807
2024-06-01T00:00:00.000Z,2519825642968.84,52.7744
2024-06-02T00:00:00.000Z,2534191856410.43,52.6545
2024-06-03T00:00:00.000Z,2527418313923.05,52.8211
2024-06-04T00:00:00.000Z,2553181907090.25,53.1059
2024-06-05T00:00:00.000Z,2616428352349.35,53.1495
2024-06-06T00:00:00.000Z,2641855435511.78,53.0347
2024-06-07T00:00:00.000Z,2624002542274.16,53.151
2024-06-08T00:00:00.000Z,2546857535177.09,53.6546
2024-06-09T00:00:00.000Z,2533193929265.58,53.9207
2024-06-10T00:00:00.000Z,2549432399899.93,53.8448
2024-06-11T00:00:00.000Z,2525455364000.95,54.2512
2024-06-12T00:00:00.000Z,2438116119633.84,54.4304
2024-06-13T00:00:00.000Z,2486779961497.64,54.0922
2024-06-14T00:00:00.000Z,2422127857891.97,54.3245
2024-06-15T00:00:00.000Z,2399558954907.6,54.2257
2024-06-16T00:00:00.000Z,2419640895422.37,53.9242
2024-06-17T00:00:00.000Z,2442288500428.58,53.7876
2024-06-18T00:00:00.000Z,2401046544002.34,54.5919
2024-06-19T00:00:00.000Z,2354546170486.31,54.5436
2024-06-20T00:00:00.000Z,2366746114029.34,54.1107
2024-06-21T00:00:00.000Z,2357760699876.26,54.2113
2024-06-22T00:00:00.000Z,2342469133752.69,53.9532
2024-06-23T00:00:00.000Z,2342749758265.42,54.0702
2024-06-24T00:00:00.000Z,2300610267516.85,54.1414
2024-06-25T00:00:00.000Z,2230520379018.54,53.2762
2024-06-26T00:00:00.000Z,2279168197877.6,53.4598
2024-06-27T00:00:00.000Z,2251209730721.5,53.262
2024-06-28T00:00:00.000Z,2290527323716.67,53.0357
2024-06-29T00:00:00.000Z,2239560907950.68,53.1088
2024-06-30T00:00:00.000Z,2249710371399.39,53.3678
2024-07-01T00:00:00.000Z,2306953889585.33,53.5727
2024-07-02T00:00:00.000Z,2311916483553.84,53.6054
2024-07-03T00:00:00.000Z,2297948619115.12,53.2311
2024-07-04T00:00:00.000Z,2219313450381.92,53.4547
2024-07-05T00:00:00.000Z,2086926699007.72,53.8598
2024-07-06T00:00:00.000Z,2068016542791.24,54.0287
2024-07-07T00:00:00.000Z,2140034481027.61,53.6949
2024-07-08T00:00:00.000Z,2042484361089.75,53.921
2024-07-09T00:00:00.000Z,2086874335853.81,53.5826
2024-07-10T00:00:00.000Z,2127519693665.83,53.7796
2024-07-11T00:00:00.000Z,2130632979309.23,53.4371
2024-07-12T00:00:00.000Z,2117203596483.9,53.4103
2024-07-13T00:00:00.000Z,2143136663028.72,53.2807
2024-07-14T00:00:00.000Z,2184698034864.01,53.4629
2024-07-15T00:00:00.000Z,2235487391543.43,53.6361
2024-07-16T00:00:00.000Z,2377311440200.79,53.7916
2024-07-17T00:00:00.000Z,2378159542460.7,53.9952
2024-07-18T00:00:00.000Z,2347458349055.82,53.8769
2024-07-19T00:00:00.000Z,2345729682270.61,53.8012
2024-07-20T00:00:00.000Z,2429223937336.48,54.1749
2024-07-21T00:00:00.000Z,2446305800507.15,54.1664
2024-07-22T00:00:00.000Z,2480571182912.81,54.2109
2024-07-23T00:00:00.000Z,2438970748615.08,54.6667
2024-07-24T00:00:00.000Z,2400619048326.51,54.1912
2024-07-25T00:00:00.000Z,2367659644777.78,54.4777
2024-07-26T00:00:00.000Z,2345393393057.63,55.3367
2024-07-27T00:00:00.000Z,2420506209109.66,55.3616
2024-07-28T00:00:00.000Z,2415371874133.68,55.4316
2024-07-29T00:00:00.000Z,2422253724674.67,55.5999
2024-07-30T00:00:00.000Z,2396120180016.28,55.0149
2024-07-31T00:00:00.000Z,2374705242028.52,55.0068
2024-08-01T00:00:00.000Z,2326133820855.18,54.828
2024-08-02T00:00:00.000Z,2329935456276.36,55.334
2024-08-03T00:00:00.000Z,2191214261815.97,55.3128
2024-08-04T00:00:00.000Z,2149874157221.39,55.6989
2024-08-05T00:00:00.000Z,2051299308403.97,55.924
2024-08-06T00:00:00.000Z,1907676295786.55,55.8642
2024-08-07T00:00:00.000Z,1977319473550.58,55.9473
2024-08-08T00:00:00.000Z,1940974262187.04,56.0134
2024-08-09T00:00:00.000Z,2158778820012.68,56.4288
2024-08-10T00:00:00.000Z,2122501571994.94,56.6073
2024-08-11T00:00:00.000Z,2129065315217.66,56.5002
2024-08-12T00:00:00.000Z,2053476248580.97,56.4457
2024-08-13T00:00:00.000Z,2103681579522.86,55.6955
2024-08-14T00:00:00.000Z,2130183445477.85,56.1623
2024-08-15T00:00:00.000Z,2082894307755.6,55.653
2024-08-16T00:00:00.000Z,2039663236575.86,55.7072
2024-08-17T00:00:00.000Z,2068776806213.3,56.1999
2024-08-18T00:00:00.000Z,2090410011920.08,56.169
2024-08-19T00:00:00.000Z,2068731558937.02,55.7955
2024-08-20T00:00:00.000Z,2104286209496.39,55.8055
2024-08-21T00:00:00.000Z,2092105964420.92,55.6939
2024-08-22T00:00:00.000Z,2151071214186.33,56.142
2024-08-23T00:00:00.000Z,2140944615895.16,55.6849
2024-08-24T00:00:00.000Z,2257815451085.0,56.0515
2024-08-25T00:00:00.000Z,2264200294830.6,55.9653
2024-08-26T00:00:00.000Z,2256397901581.43,56.2779
2024-08-27T00:00:00.000Z,2201246509885.14,56.3937
2024-08-28T00:00:00.000Z,2085987150563.27,56.309
2024-08-29T00:00:00.000Z,2082152431598.38,55.9813
2024-08-30T00:00:00.000Z,2086431434871.71,56.2013
2024-08-31T00:00:00.000Z,2080581815978.75,56.1117
2024-09-01T00:00:00.000Z,2070839343078.55,56.2327
2024-09-02T00:00:00.000Z,2009407868097.39,56.3349
2024-09-03T00:00:00.000Z,2074078109093.68,56.2907
2024-09-04T00:00:00.000Z,2010418670748.81,56.4435
2024-09-05T00:00:00.000Z,2027297100460.6,56.4743
2024-09-06T00:00:00.000Z,1974526271998.48,56.1746
2024-09-07T00:00:00.000Z,1900955521605.02,56.0539
2024-09-08T00:00:00.000Z,1918138161150.91,55.7568
2024-09-09T00:00:00.000Z,1944195134890.39,55.7323
2024-09-10T00:00:00.000Z,2010843076815.53,56.0264
2024-09-11T00:00:00.000Z,2031024882697.5,56.0596
2024-09-12T00:00:00.000Z,2015741646724.72,56.1928
2024-09-13T00:00:00.000Z,2045329928450.0,56.1404
2024-09-14T00:00:00.000Z,2113952597260.69,56.5869
2024-09-15T00:00:00.000Z,2097498134906.21,56.5118
2024-09-16T00:00:00.000Z,2057410658749.32,56.8071
2024-09-17T00:00:00.000Z,2027558160819.87,56.7041
2024-09-18T00:00:00.000Z,2083060693121.4,57.1998
2024-09-19T00:00:00.000Z,2124664753083.19,57.3762
2024-09-20T00:00:00.000Z,2175120212584.88,57.1765
2024-09-21T00:00:00.000Z,2198584340003.1,56.7851
2024-09-22T00:00:00.000Z,2221582367264.55,56.3715
2024-09-23T00:00:00.000Z,2213827759436.73,56.7862
2024-09-24T00:00:00.000Z,2225346983560.31,56.2265
2024-09-25T00:00:00.000Z,2257772231906.25,56.2591
2024-09-26T00:00:00.000Z,2216998201365.29,56.2726
2024-09-27T00:00:00.000Z,2284040590283.76,56.3878
2024-09-28T00:00:00.000Z,2315963922823.78,56.1325
2024-09-29T00:00:00.000Z,2312128500905.48,56.3107
2024-09-30T00:00:00.000Z,2306181620068.54,56.2292
2024-10-01T00:00:00.000Z,2229803903919.32,56.1202
2024-10-02T00:00:00.000Z,2136953003242.0,56.2534
2024-10-03T00:00:00.000Z,2110770733745.94,56.7689
2024-10-04T00:00:00.000Z,2106577056233.18,56.9929
2024-10-05T00:00:00.000Z,2157919831897.52,56.8438
2024-10-06T00:00:00.000Z,2156377087100.65,56.8935
2024-10-07T00:00:00.000Z,2184731052744.7,56.828
2024-10-08T00:00:00.000Z,2165360275189.33,56.7962
2024-10-09T00:00:00.000Z,2165508168659.59,56.7049
2024-10-10T00:00:00.000Z,2114888906888.61,56.6185
2024-10-11T00:00:00.000Z,2110603716102.6,56.4506
2024-10-12T00:00:00.000Z,2177354952137.5,56.7188
2024-10-13T00:00:00.000Z,2203077262237.06,56.6981
2024-10-14T00:00:00.000Z,2192108898362.88,56.6712
2024-10-15T00:00:00.000Z,2297371509584.36,56.8389
2024-10-16T00:00:00.000Z,2309078971392.39,57.4001
2024-10-17T00:00:00.000Z,2320316457139.61,57.6043
2024-10-18T00:00:00.000Z,2307153529591.12,57.7655
2024-10-19T00:00:00.000Z,2344156786785.66,57.7025
2024-10-20T00:00:00.000Z,2347331543282.18,57.5791
2024-10-21T00:00:00.000Z,2385197146408.51,57.198
2024-10-22T00:00:00.000Z,2332371897529.42,57.0998
2024-10-23T00:00:00.000Z,2324261428376.11,57.3079
2024-10-24T00:00:00.000Z,2291131104177.58,57.5139
2024-10-25T00:00:00.000Z,2332504889688.17,57.7814
2024-10-26T00:00:00.000Z,2256518029813.26,58.3698
2024-10-27T00:00:00.000Z,2280149860475.13,58.1199
2024-10-28T00:00:00.000Z,2310213765382.02,58.1475
2024-10-29T00:00:00.000Z,2364036805535.51,58.4768
2024-10-30T00:00:00.000Z,2442274861588.49,58.874
2024-10-31T00:00:00.000Z,2430682184963.43,58.85
2024-11-01T00:00:00.000Z,2351531452195.02,59.0453
2024-11-02T00:00:00.000Z,2331728462827.88,58.9304
2024-11-03T00:00:00.000Z,2319882521470.87,59.0963
2024-11-04T00:00:00.000Z,2291490609534.01,59.3318
2024-11-05T00:00:00.000Z,2256274212685.71,59.4298
2024-11-06T00:00:00.000Z,2309804334194.16,59.3953
2024-11-07T00:00:00.000Z,2518854265967.66,59.3914
2024-11-08T00:00:00.000Z,2504380105336.88,59.9458
2024-11-09T00:00:00.000Z,2585834661831.96,58.5569
2024-11-10T00:00:00.000Z,2633943829411.79,57.6367
2024-11-11T00:00:00.000Z,2722276314514.16,58.4617
2024-11-12T00:00:00.000Z,2985151619830.18,58.7924
2024-11-13T00:00:00.000Z,2942242979132.74,59.1519
2024-11-14T00:00:00.000Z,2986605300921.9,59.9668
2024-11-15T00:00:00.000Z,2893265721238.15,59.7018
2024-11-16T00:00:00.000Z,3010795419540.48,59.8262
2024-11-17T00:00:00.000Z,3037660380460.84,58.9781
2024-11-18T00:00:00.000Z,3013295825375.71,58.99
2024-11-19T00:00:00.000Z,3067134588352.3,58.3852
2024-11-20T00:00:00.000Z,3086246487333.64,59.2093
2024-11-21T00:00:00.000Z,3106477817930.27,60.0869
2024-11-22T00:00:00.000Z,3266768156800.32,59.6425
2024-11-23T00:00:00.000Z,3316915399425.73,59.0591
2024-11-24T00:00:00.000Z,3334036945276.56,58.0248
2024-11-25T00:00:00.000Z,3340351384919.09,58.0154
2024-11-26T00:00:00.000Z,3213127046331.37,57.3123
2024-11-27T00:00:00.000Z,3172467328924.79,57.3579
2024-11-28T00:00:00.000Z,3333668213375.94,56.9557
2024-11-29T00:00:00.000Z,3323287594018.09,56.9642
2024-11-30T00:00:00.000Z,3400297194886.94,56.7302
2024-12-01T00:00:00.000Z,3411190371140.16,55.9609
2024-12-02T00:00:00.000Z,3466836003440.1,55.5257
2024-12-03T00:00:00.000Z,3465724388227.53,54.7365
2024-12-04T00:00:00.000Z,3506787309735.75,54.1544
2024-12-05T00:00:00.000Z,3590416779173.57,54.4297
2024-12-06T00:00:00.000Z,3541356395514.92,54.2491
2024-12-07T00:00:00.000Z,3666504425640.29,53.9221
2024-12-08T00:00:00.000Z,3651323373496.61,54.1553
2024-12-09T00:00:00.000Z,3712940445460.34,53.9544
2024-12-10T00:00:00.000Z,3465642120589.85,55.6324
2024-12-11T00:00:00.000Z,3438231342620.71,55.6448
2024-12-12T00:00:00.000Z,3610480945066.78,55.4727
2024-12-13T00:00:00.000Z,3598529706326.72,55.0304
2024-12-14T00:00:00.000Z,3641265145505.97,55.1509
2024-12-15T00:00:00.000Z,3607060533474.7,55.6411
2024-12-16T00:00:00.000Z,3699070084343.39,55.8634
2024-12-17T00:00:00.000Z,3721464308632.09,56.4109
2024-12-18T00:00:00.000Z,3702886479765.24,56.7497
2024-12-19T00:00:00.000Z,3478746478546.05,56.9999
2024-12-20T00:00:00.000Z,3347912807432.93,57.626
2024-12-21T00:00:00.000Z,3392045025205.56,57.0626
2024-12-22T00:00:00.000Z,3333161232578.76,57.7511
2024-12-23T00:00:00.000Z,3275157665449.97,57.4899
2024-12-24T00:00:00.000Z,3330204205477.62,56.3265
2024-12-25T00:00:00.000Z,3443448784766.45,56.7261
2024-12-26T00:00:00.000Z,3448687737498.91,57.0358
2024-12-27T00:00:00.000Z,3315007830548.19,57.15
2024-12-28T00:00:00.000Z,3283624827657.58,56.7789
2024-12-29T00:00:00.000Z,3337384190449.78,56.4627
2024-12-30T00:00:00.000Z,3267393362606.53,56.6932
2024-12-31T00:00:00.000Z,3247898394633.62,56.4801
2025-01-01T00:00:00.000Z,3258746507343.04,56.7671
2025-01-02T00:00:00.000Z,3320489672657.69,56.3047
2025-01-03T00:00:00.000Z,3405927430240.98,56.3374
2025-01-04T00:00:00.000Z,3495925745929.8,55.5999
2025-01-05T00:00:00.000Z,3504945338235.71,55.5045
2025-01-06T00:00:00.000Z,3498617459363.75,55.6628
2025-01-07T00:00:00.000Z,3595363765063.57,56.3399
2025-01-08T00:00:00.000Z,3380563758123.9,56.7933
2025-01-09T00:00:00.000Z,3324489803269.58,56.6258
2025-01-10T00:00:00.000Z,3229618490789.13,56.7404
2025-01-11T00:00:00.000Z,3301102095312.17,56.8241
2025-01-12T00:00:00.000Z,3318364500460.98,56.4512
2025-01-13T00:00:00.000Z,3300218680026.26,56.7167
2025-01-14T00:00:00.000Z,3270257202523.72,57.252
2025-01-15T00:00:00.000Z,3350823804176.3,57.074
2025-01-16T00:00:00.000Z,3535019661394.52,56.3235
2025-01-17T00:00:00.000Z,3510134503065.26,56.4343
2025-01-18T00:00:00.000Z,3655480693951.43,56.4296
2025-01-19T00:00:00.000Z,3638190132866.74,56.8622
2025-01-20T00:00:00.000Z,3491688992644.81,57.3799
2025-01-21T00:00:00.000Z,3527959268473.6,57.3344
2025-01-22T00:00:00.000Z,3643530974678.86,57.7211
2025-01-23T00:00:00.000Z,3575509686929.14,57.4414
2025-01-24T00:00:00.000Z,3583557277067.62,57.4712
2025-01-25T00:00:00.000Z,3588317671694.16,57.8867
2025-01-26T00:00:00.000Z,3593420557034.11,57.7389
2025-01-27T00:00:00.000Z,3512866013502.11,57.9022
2025-01-28T00:00:00.000Z,3489061617847.85,57.9842
2025-01-29T00:00:00.000Z,3431419006241.1,58.4987
2025-01-30T00:00:00.000Z,3497403781609.53,58.7658
2025-01-31T00:00:00.000Z,3568224709032.81,58.1759
2025-02-01T00:00:00.000Z,3516993057788.09,57.7038
2025-02-02T00:00:00.000Z,3404785947219.02,58.5817
2025-02-03T00:00:00.000Z,3237065223245.08,59.7831
2025-02-04T00:00:00.000Z,3347044150619.95,60.0624
2025-02-05T00:00:00.000Z,3211896616067.22,60.3659
2025-02-06T00:00:00.000Z,3170964823563.68,60.3696
2025-02-07T00:00:00.000Z,3140898658992.51,60.9692
2025-02-08T00:00:00.000Z,3137762374344.57,60.9825
2025-02-09T00:00:00.000Z,3156658483674.17,60.5815
2025-02-10T00:00:00.000Z,3152772812294.35,60.6678
2025-02-11T00:00:00.000Z,3187922451217.23,60.593
2025-02-12T00:00:00.000Z,3148688017432.79,60.2812
2025-02-13T00:00:00.000Z,3234606452886.7,59.9812
2025-02-14T00:00:00.000Z,3195309929461.84,59.9444
2025-02-15T00:00:00.000Z,3242462500405.79,59.6132
2025-02-16T00:00:00.000Z,3232035644670.51,59.8564
2025-02-17T00:00:00.000Z,3191800094884.11,59.7272
2025-02-18T00:00:00.000Z,3182099475264.11,59.6711
2025-02-19T00:00:00.000Z,3141277235758.08,60.3199
2025-02-20T00:00:00.000Z,3186823379381.67,60.118
2025-02-21T00:00:00.000Z,3237095123386.73,60.2324
2025-02-22T00:00:00.000Z,3157246552852.82,60.3624
2025-02-23T00:00:00.000Z,3194694521035.13,59.9388
2025-02-24T00:00:00.000Z,3189407296499.41,59.8519
2025-02-25T00:00:00.000Z,2977207640155.26,60.9141
2025-02-26T00:00:00.000Z,2926200617553.67,60.0417
2025-02-27T00:00:00.000Z,2799523154088.58,59.5722
2025-02-28T00:00:00.000Z,2810724469054.45,59.7488
2025-03-01T00:00:00.000Z,2794952485170.98,59.8498
2025-03-02T00:00:00.000Z,2833440231117.95,60.2114
2025-03-03T00:00:00.000Z,3145935962311.2,59.4301
2025-03-04T00:00:00.000Z,2822210600612.19,60.5092
2025-03-05T00:00:00.000Z,2868032589798.71,60.316
2025-03-06T00:00:00.000Z,2963845654848.98,60.6374
2025-03-07T00:00:00.000Z,2942575723599.91,60.6268
2025-03-08T00:00:00.000Z,2846132338534.98,60.4212
2025-03-09T00:00:00.000Z,2833093956356.32,60.3264
2025-03-10T00:00:00.000Z,2649816819071.97,60.3851
2025-03-11T00:00:00.000Z,2558936833651.42,60.9068
2025-03-12T00:00:00.000Z,2679998804426.44,61.3372
2025-03-13T00:00:00.000Z,2711966393587.14,61.2047
2025-03-14T00:00:00.000Z,2647509050533.26,60.7605
2025-03-15T00:00:00.000Z,2733771554175.94,60.9407
2025-03-16T00:00:00.000Z,2760351361704.98,60.6177
2025-03-17T00:00:00.000Z,2693217623381.76,60.8226
2025-03-18T00:00:00.000Z,2745435274756.97,60.737
2025-03-19T00:00:00.000Z,2711707476050.95,60.5108
2025-03-20T00:00:00.000Z,2842050798568.89,60.6417
2025-03-21T00:00:00.000Z,2760879877591.82,60.4843
2025-03-22T00:00:00.000Z,2750368289836.87,60.6251
2025-03-23T00:00:00.000Z,2750136299498.24,60.4789
2025-03-24T00:00:00.000Z,2805913365720.63,60.8461
2025-03-25T00:00:00.000Z,2863279147575.78,60.6446
2025-03-26T00:00:00.000Z,2867131763166.54,60.5263
2025-03-27T00:00:00.000Z,2834782213887.99,60.8286
2025-03-28T00:00:00.000Z,2845132366870.99,60.8118
2025-03-29T00:00:00.000Z,2741206846571.8,61.0687
2025-03-30T00:00:00.000Z,2675468576833.92,61.2697
2025-03-31T00:00:00.000Z,2665255723028.77,61.3103
2025-04-01T00:00:00.000Z,2667542682341.72,61.4073
2025-04-02T00:00:00.000Z,2742142137874.53,61.6421
2025-04-03T00:00:00.000Z,2644295755496.96,61.9144
2025-04-04T00:00:00.000Z,2662216496096.46,61.9644
2025-04-05T00:00:00.000Z,2685795066701.58,61.9603
2025-04-06T00:00:00.000Z,2674309952996.06,61.9717
2025-04-07T00:00:00.000Z,2485869405665.09,62.5001
2025-04-08T00:00:00.000Z,2506456117484.03,62.7009
2025-04-09T00:00:00.000Z,2420957450085.37,62.5291
2025-04-10T00:00:00.000Z,2626946878705.57,62.3915
2025-04-11T00:00:00.000Z,2533574147525.09,62.3548
2025-04-12T00:00:00.000Z,2635035024204.48,62.8249
2025-04-13T00:00:00.000Z,2710025730557.76,62.4635
2025-04-14T00:00:00.000Z,2651914257272.77,62.6569
2025-04-15T00:00:00.000Z,2671852379559.01,62.8196
2025-04-16T00:00:00.000Z,2637947431994.9,62.9578
2025-04-17T00:00:00.000Z,2645449093617.8,63.0587
2025-04-18T00:00:00.000Z,2669373250053.47,63.1502
2025-04-19T00:00:00.000Z,2663370088681.14,62.9509
2025-04-20T00:00:00.000Z,2689723413368.2,62.7918
2025-04-21T00:00:00.000Z,2686531790539.74,62.9429
2025-04-22T00:00:00.000Z,2735184068666.69,63.5284
2025-04-23T00:00:00.000Z,2915705611165.02,63.634
2025-04-24T00:00:00.000Z,2931025902543.43,63.4725
2025-04-25T00:00:00.000Z,2940262416387.24,63.4587
2025-04-26T00:00:00.000Z,2959859067146.07,63.539
2025-04-27T00:00:00.000Z,2969192395640.96,63.3053
2025-04-28T00:00:00.000Z,2941512672805.8,63.3001
2025-04-29T00:00:00.000Z,2975175235909.15,63.4169
2025-04-30T00:00:00.000Z,2950185417932.73,63.4611
2025-05-01T00:00:00.000Z,2944967064868.37,63.5229
2025-05-02T00:00:00.000Z,3005742722444.4,63.7525
2025-05-03T00:00:00.000Z,3016087433285.38,63.8073
2025-05-04T00:00:00.000Z,2981403745766.67,63.8639
2025-05-05T00:00:00.000Z,2935729267530.39,63.8009
2025-05-06T00:00:00.000Z,2947183238128.65,63.849
2025-05-07T00:00:00.000Z,2989982517103.93,64.3098
2025-05-08T00:00:00.000Z,2993482192419.78,64.383
2025-05-09T00:00:00.000Z,3228661003151.7,63.5161
2025-05-10T00:00:00.000Z,3265491894823.65,62.6355
2025-05-11T00:00:00.000Z,3371555312987.71,61.7123
2025-05-12T00:00:00.000Z,3327829196151.48,62.1463
2025-05-13T00:00:00.000Z,3315483887226.43,61.5968
2025-05-14T00:00:00.000Z,3384993704659.26,61.127
2025-05-15T00:00:00.000Z,3341132865123.04,61.5572
2025-05-16T00:00:00.000Z,3306851935866.14,62.3222
2025-05-17T00:00:00.000Z,3296202571544.31,62.3721
2025-05-18T00:00:00.000Z,3269729880656.18,62.6841
2025-05-19T00:00:00.000Z,3365862234590.21,62.8405
2025-05-20T00:00:00.000Z,3334929360512.02,62.9163
2025-05-21T00:00:00.000Z,3361605784601.77,63.1336
2025-05-22T00:00:00.000Z,3441643763241.35,63.3104
2025-05-23T00:00:00.000Z,3521198923414.85,63.0212
2025-05-24T00:00:00.000Z,3375353066586.07,63.1658
2025-05-25T00:00:00.000Z,3394107202665.36,63.1047
2025-05-26T00:00:00.000Z,3425272030195.48,63.2434
2025-05-27T00:00:00.000Z,3429916633449.51,63.4069
2025-05-28T00:00:00.000Z,3441420258700.16,62.929
2025-05-29T00:00:00.000Z,3411688276306.9,62.7853
2025-05-30T00:00:00.000Z,3344158837150.71,62.7573
2025-05-31T00:00:00.000Z,3257644725323.91,63.4427
2025-06-01T00:00:00.000Z,3275399283271.81,63.4887
2025-06-02T00:00:00.000Z,3302646623160.53,63.5764
2025-06-03T00:00:00.000Z,3322372941727.33,63.3375
2025-06-04T00:00:00.000Z,3313020619377.92,63.2486
2025-06-05T00:00:00.000Z,3290728491343.64,63.2642
2025-06-06T00:00:00.000Z,3171640219646.37,63.6527
2025-06-07T00:00:00.000Z,3250773613241.06,63.825
2025-06-08T00:00:00.000Z,3295079839234.35,63.7146
2025-06-09T00:00:00.000Z,3301947743973.64,63.6821
2025-06-10T00:00:00.000Z,3440137021406.84,63.7291
2025-06-11T00:00:00.000Z,3469534860205.16,63.1665
2025-06-12T00:00:00.000Z,3417060495421.26,63.2249
2025-06-13T00:00:00.000Z,3316178396809.45,63.4355
2025-06-14T00:00:00.000Z,3303513358182.01,63.8481
2025-06-15T00:00:00.000Z,3275383864728.55,64.0106
2025-06-16T00:00:00.000Z,3287463042469.71,63.8318
2025-06-17T00:00:00.000Z,3315140978188.43,64.0365
2025-06-18T00:00:00.000Z,3250011514831.32,63.9744
2025-06-19T00:00:00.000Z,3257429809184.11,64.019
2025-06-20T00:00:00.000Z,3252118162853.55,63.9933
2025-06-21T00:00:00.000Z,3193619333281.39,64.3162
2025-06-22T00:00:00.000Z,3138352601451.89,64.7368
2025-06-23T00:00:00.000Z,3092059833701.08,64.9398
2025-06-24T00:00:00.000Z,3251422984478.75,64.5104
2025-06-25T00:00:00.000Z,3272564487406.99,64.4476
2025-06-26T00:00:00.000Z,3288731370968.22,64.9175
2025-06-27T00:00:00.000Z,3266323067177.36,65.1177
2025-06-28T00:00:00.000Z,3278624909730.19,64.9492
2025-06-29T00:00:00.000Z,3297877117822.64,64.7124
2025-06-30T00:00:00.000Z,3340390617686.81,64.5198
2025-07-01T00:00:00.000Z,3309726866995.0,64.3824
2025-07-02T00:00:00.000Z,3249064580818.2,64.6941
2025-07-03T00:00:00.000Z,3359230686524.17,64.4382
2025-07-04T00:00:00.000Z,3383128377207.79,64.4485
2025-07-05T00:00:00.000Z,3322183505343.47,64.6629
2025-07-06T00:00:00.000Z,3329243611099.58,64.6551
2025-07-07T00:00:00.000Z,3368903740745.58,64.486
2025-07-08T00:00:00.000Z,3340490469840.17,64.4749
2025-07-09T00:00:00.000Z,3372141459977.23,64.2632
2025-07-10T00:00:00.000Z,3462715757240.17,63.9403
2025-07-11T00:00:00.000Z,3613640884854.91,63.8418
2025-07-12T00:00:00.000Z,3665570910840.58,63.7757
2025-07-13T00:00:00.000Z,3659383301005.78,63.8392
2025-07-14T00:00:00.000Z,3716211159114.99,63.7605
2025-07-15T00:00:00.000Z,3745815779140.9,63.6484
2025-07-16T00:00:00.000Z,3725825731262.98,62.8844
2025-07-17T00:00:00.000Z,3797747452611.02,62.1934
2025-07-18T00:00:00.000Z,3864463609209.33,61.3959
2025-07-19T00:00:00.000Z,3846761518959.17,61.0259
2025-07-20T00:00:00.000Z,3859940982598.73,60.7821
2025-07-21T00:00:00.000Z,3891487437183.71,59.9782
2025-07-22T00:00:00.000Z,3914541031797.71,59.6801
2025-07-23T00:00:00.000Z,3975636632856.58,60.0532
2025-07-24T00:00:00.000Z,3872291607259.01,61.0286
2025-07-25T00:00:00.000Z,3860448257469.04,61.006
2025-07-26T00:00:00.000Z,3863480415856.83,60.5837
2025-07-27T00:00:00.000Z,3877931493684.97,60.5204
2025-07-28T00:00:00.000Z,3948544615623.41,60.1961
2025-07-29T00:00:00.000Z,3873826505516.51,60.6019
2025-07-30T00:00:00.000Z,3868437749046.61,60.6566
2025-07-31T00:00:00.000Z,3857231591412.11,60.7898
2025-08-01T00:00:00.000Z,3780087321041.26,60.9352
2025-08-02T00:00:00.000Z,3681223544371.78,61.2459
2025-08-03T00:00:00.000Z,3627818740391.8,61.728
2025-08-04T00:00:00.000Z,3703975645932.46,61.3709
2025-08-05T00:00:00.000Z,3776771547549.3,60.6389
2025-08-06T00:00:00.000Z,3720352203083.95,61.0555
2025-08-07T00:00:00.000Z,3759963070600.88,60.886
2025-08-08T00:00:00.000Z,3884377153423.13,60.2129
2025-08-09T00:00:00.000Z,3888254278468.31,59.7298
2025-08-10T00:00:00.000Z,3927105101686.92,59.0473
2025-08-11T00:00:00.000Z,3980340328098.71,59.6591
2025-08-12T00:00:00.000Z,3943808853058.7,59.9163
2025-08-13T00:00:00.000Z,4060031322321.97,58.9044
2025-08-14T00:00:00.000Z,4172149391652.69,58.8472
2025-08-15T00:00:00.000Z,4004132426774.25,58.8495
2025-08-16T00:00:00.000Z,3963573258872.9,58.9661
2025-08-17T00:00:00.000Z,3973562525362.8,58.8529
2025-08-18T00:00:00.000Z,3988427090708.63,58.631
2025-08-19T00:00:00.000Z,3923496984498.12,58.9897
2025-08-20T00:00:00.000Z,3786913651750.15,59.3228
2025-08-21T00:00:00.000Z,3884119772887.84,58.5738
2025-08-22T00:00:00.000Z,3810520784548.13,58.7533
2025-08-23T00:00:00.000Z,4040858970682.4,57.5895
2025-08-24T00:00:00.000Z,3997638084457.27,57.4676
2025-08-25T00:00:00.000Z,3952051896250.28,57.1651
2025-08-26T00:00:00.000Z,3779490353606.92,58.0185
2025-08-27T00:00:00.000Z,3875088960828.19,57.4464
2025-08-28T00:00:00.000Z,3849439690642.03,57.5426
2025-08-29T00:00:00.000Z,3897230544082.87,57.5132
2025-08-30T00:00:00.000Z,3763781119268.45,57.3532
2025-08-31T00:00:00.000Z,3777244254407.55,57.3714
2025-09-01T00:00:00.000Z,3758950865270.84,57.3442
2025-09-02T00:00:00.000Z,3762088070214.27,57.8286
2025-09-03T00:00:00.000Z,3830057403802.4,57.8243
2025-09-04T00:00:00.000Z,3862052276812.46,57.6162
2025-09-05T00:00:00.000Z,3800304306576.44,58.0284
2025-09-06T00:00:00.000Z,3809690437352.44,57.8475
2025-09-07T00:00:00.000Z,3794143819617.98,57.8583
2025-09-08T00:00:00.000Z,3836663835419.05,57.7037
2025-09-09T00:00:00.000Z,3877964626711.72,57.5593
2025-09-10T00:00:00.000Z,3870761701942.21,57.3952
2025-09-11T00:00:00.000Z,3942094066374.19,57.5844
2025-09-12T00:00:00.000Z,4001901923620.56,57.4948
2025-09-13T00:00:00.000Z,4070516921201.28,56.8154
2025-09-14T00:00:00.000Z,4071141488937.63,56.7359
2025-09-15T00:00:00.000Z,4032044654711.0,57.0097
2025-09-16T00:00:00.000Z,4006446451887.87,57.3892
2025-09-17T00:00:00.000Z,4046883226054.64,57.5188
2025-09-18T00:00:00.000Z,4077209274237.12,56.9077
2025-09-19T00:00:00.000Z,4097611382320.37,56.9472
2025-09-20T00:00:00.000Z,4027179557845.82,57.2351
2025-09-21T00:00:00.000Z,4040165764283.03,57.0694
2025-09-22T00:00:00.000Z,4019479262530.72,57.1508
2025-09-23T00:00:00.000Z,3892285391346.74,57.7248
2025-09-24T00:00:00.000Z,3866807940007.29,57.719
2025-09-25T00:00:00.000Z,3900714237081.73,57.8942
2025-09-26T00:00:00.000Z,3724052157508.57,58.3411
2025-09-27T00:00:00.000Z,3785100578979.93,57.754
2025-09-28T00:00:00.000Z,3783381657744.54,57.771
2025-09-29T00:00:00.000Z,3868622810249.71,57.7738
2025-09-30T00:00:00.000Z,3927591899491.65,58.0413
2025-10-01T00:00:00.000Z,3899878206959.86,58.2793
2025-10-02T00:00:00.000Z,4054434829623.38,58.313
2025-10-03T00:00:00.000Z,4147788703177.12,57.9579
2025-10-04T00:00:00.000Z,4198276257821.33,58.0396
2025-10-05T00:00:00.000Z,4176964075761.32,58.4075
2025-10-06T00:00:00.000Z,4203977685865.46,58.5459
2025-10-07T00:00:00.000Z,4276096147344.24,58.1387
2025-10-08T00:00:00.000Z,4156729862708.31,58.225
2025-10-09T00:00:00.000Z,4219881862458.85,58.2586
2025-10-10T00:00:00.000Z,4140370931751.28,58.5943
2025-10-11T00:00:00.000Z,3749317655375.35,60.1327
2025-10-12T00:00:00.000Z,3691252258730.43,59.8352
2025-10-13T00:00:00.000Z,3902591403361.21,58.8017
2025-10-14T00:00:00.000Z,3939084414401.06,58.3302
2025-10-15T00:00:00.000Z,3847725242515.07,58.5948
2025-10-16T00:00:00.000Z,3752771974745.55,58.8506
2025-10-17T00:00:00.000Z,3664296743180.6,58.8603
2025-10-18T00:00:00.000Z,3599873305696.44,58.9681
2025-10-19T00:00:00.000Z,3637138018596.93,58.7614
2025-10-20T00:00:00.000Z,3678341634508.39,58.8992
2025-10-21T00:00:00.000Z,3738741078709.74,58.9732
2025-10-22T00:00:00.000Z,3660221077917.81,59.0672
2025-10-23T00:00:00.000Z,3623935438825.19,59.2247
2025-10-24T00:00:00.000Z,3703709473490.72,59.268
2025-10-25T00:00:00.000Z,3744347471368.37,59.1298
2025-10-26T00:00:00.000Z,3767718805606.62,59.086
2025-10-27T00:00:00.000Z,3873674588309.92,58.9506
2025-10-28T00:00:00.000Z,3851991443223.37,59.0789
2025-10-29T00:00:00.000Z,3795223610355.91,59.3306
2025-10-30T00:00:00.000Z,3727456158702.79,58.8832
2025-10-31T00:00:00.000Z,3644635239380.09,59.2555
2025-11-01T00:00:00.000Z,3687696202680.25,59.2483
2025-11-02T00:00:00.000Z,3707325180562.38,59.2036
2025-11-03T00:00:00.000Z,3723628148439.64,59.2448
2025-11-04T00:00:00.000Z,3534206605351.27,60.1276
2025-11-05T00:00:00.000Z,3368737767516.78,60.1201
2025-11-06T00:00:00.000Z,3458865996569.55,59.907
2025-11-07T00:00:00.000Z,3371986733027.51,59.9145
2025-11-08T00:00:00.000Z,3475899478372.93,59.2964
2025-11-09T00:00:00.000Z,3441080584438.74,59.2883
2025-11-10T00:00:00.000Z,3527376685155.67,59.2195
2025-11-11T00:00:00.000Z,3567270051349.99,59.2666
2025-11-12T00:00:00.000Z,3454136912294.99,59.491
2025-11-13T00:00:00.000Z,3423467037517.58,59.24
2025-11-14T00:00:00.000Z,3346329391947.81,59.4296
2025-11-15T00:00:00.000Z,3203271709223.11,58.8293
2025-11-16T00:00:00.000Z,3241911688566.6,58.7952
2025-11-17T00:00:00.000Z,3195192164876.78,58.8049
2025-11-18T00:00:00.000Z,3126931383746.27,58.7592
2025-11-19T00:00:00.000Z,3177409320943.4,58.3588
2025-11-20T00:00:00.000Z,3113320924061.28,58.611
2025-11-21T00:00:00.000Z,2965135089214.47,58.2184
2025-11-22T00:00:00.000Z,2904895832898.94,58.4373
2025-11-23T00:00:00.000Z,2894335861303.77,58.3639
2025-11-24T00:00:00.000Z,2955026694506.42,58.6059
2025-11-25T00:00:00.000Z,3031240619876.72,58.1036
2025-11-26T00:00:00.000Z,3013140717682.51,57.8378
2025-11-27T00:00:00.000Z,3099796507303.76,58.2653
2025-11-28T00:00:00.000Z,3110368201688.38,58.5707
2025-11-29T00:00:00.000Z,3097354048626.7,58.5733
2025-11-30T00:00:00.000Z,3086627556076.25,58.7277
2025-12-01T00:00:00.000Z,3071711460766.56,58.7201
2025-12-02T00:00:00.000Z,2931539712013.4,58.7584
2025-12-03T00:00:00.000Z,3093030885993.87,58.9377
